TFSC	Finance
1347	Finance
Capital	Finance
Corp.	Finance
TFSCR	Finance
1347	Finance
Capital	Finance
Corp.	Finance
TFSCU	unspecified-company
1347	unspecified-company
Capital	unspecified-company
Corp.	unspecified-company
TFSCW	Finance
1347	Finance
Capital	Finance
Corp.	Finance
PIH	Finance
1347	Finance
Property	Finance
Insurance	Finance
Holdings,	Finance
Inc.	Finance
FLWS	Consumer Services
1-800	Consumer Services
FLOWERS.COM,	Consumer Services
Inc.	Consumer Services
FCTY	Finance
1st	Finance
Century	Finance
Bancshares,	Finance
Inc	Finance
FCCY	Finance
1st	Finance
Constitution	Finance
Bancorp	Finance
(NJ)	Finance
SRCE	Finance
1st	Finance
Source	Finance
Corporation	Finance
FUBC	Finance
1st	Finance
United	Finance
Bancorp,	Finance
Inc.	Finance
(FL)	Finance
VNET	Technology
21Vianet	Technology
Group,	Technology
Inc.	Technology
TWOU	Technology
2U,	Technology
Inc.	Technology
DGLD	Finance
3X	Finance
Inverse	Finance
Gold	Finance
ETN	Finance
Velocityshares	Finance
JOBS	Technology
51job,	Technology
Inc.	Technology
EGHT	Public Utilities
8x8	Public Utilities
Inc	Public Utilities
AVHI	Capital Goods
A	Capital Goods
V	Capital Goods
Homes,	Capital Goods
Inc.	Capital Goods
SHLM	Basic Industries
A.	Basic Industries
Schulman,	Basic Industries
Inc.	Basic Industries
AAON	Capital Goods
AAON,	Capital Goods
Inc.	Capital Goods
ASTM	Health Care
Aastrom	Health Care
Biosciences,	Health Care
Inc.	Health Care
ABAX	Capital Goods
ABAXIS,	Capital Goods
Inc.	Capital Goods
ABY	Public Utilities
Abengoa	Public Utilities
Yield	Public Utilities
plc	Public Utilities
ABGB	Consumer Services
Abengoa,	Consumer Services
S.A.	Consumer Services
ABMD	Health Care
ABIOMED,	Health Care
Inc.	Health Care
AXAS	Energy
Abraxas	Energy
Petroleum	Energy
Corporation	Energy
ACTG	Miscellaneous
Acacia	Miscellaneous
Research	Miscellaneous
Corporation	Miscellaneous
ACHC	Health Care
Acadia	Health Care
Healthcare	Health Care
Company,	Health Care
Inc.	Health Care
ACAD	Health Care
ACADIA	Health Care
Pharmaceuticals	Health Care
Inc.	Health Care
ACST	Health Care
Acasti	Health Care
Pharma,	Health Care
Inc.	Health Care
AXDX	Capital Goods
Accelerate	Capital Goods
Diagnostics,	Capital Goods
Inc.	Capital Goods
XLRN	Health Care
Acceleron	Health Care
Pharma	Health Care
Inc.	Health Care
ANCX	Finance
Access	Finance
National	Finance
Corporation	Finance
ARAY	Health Care
Accuray	Health Care
Incorporated	Health Care
ACRX	Health Care
AcelRx	Health Care
Pharmaceuticals,	Health Care
Inc.	Health Care
ACET	Consumer Durables
Aceto	Consumer Durables
Corporation	Consumer Durables
AKAO	Health Care
Achaogen,	Health Care
Inc.	Health Care
ACHN	Health Care
Achillion	Health Care
Pharmaceuticals,	Health Care
Inc.	Health Care
ACIW	Technology
ACI	Technology
Worldwide,	Technology
Inc.	Technology
ACNB	Finance
ACNB	Finance
Corporation	Finance
ACOR	Health Care
Acorda	Health Care
Therapeutics,	Health Care
Inc.	Health Care
ACFN	Consumer Services
Acorn	Consumer Services
Energy,	Consumer Services
Inc.	Consumer Services
ACTS	Technology
Actions	Technology
Semiconductor	Technology
Co.,	Technology
Ltd.	Technology
ACPW	Public Utilities
Active	Public Utilities
Power,	Public Utilities
Inc.	Public Utilities
ATVI	Technology
Activision	Technology
Blizzard,	Technology
Inc	Technology
ACTA	unspecified-company
Actua	unspecified-company
Corporation	unspecified-company
BIRT	Technology
Actuate	Technology
Corporation	Technology
ACUR	Health Care
Acura	Health Care
Pharmaceuticals,	Health Care
Inc.	Health Care
ACXM	Technology
Acxiom	Technology
Corporation	Technology
ADMS	Health Care
Adamas	Health Care
Pharmaceuticals,	Health Care
Inc.	Health Care
ADMP	Health Care
Adamis	Health Care
Pharmaceuticals	Health Care
Corporation	Health Care
ADUS	Health Care
Addus	Health Care
HomeCare	Health Care
Corporation	Health Care
AEY	Consumer Services
ADDvantage	Consumer Services
Technologies	Consumer Services
Group,	Consumer Services
Inc.	Consumer Services
ADEP	Technology
Adept	Technology
Technology,	Technology
Inc.	Technology
ADBE	Technology
Adobe	Technology
Systems	Technology
Incorporated	Technology
ADTN	Public Utilities
ADTRAN,	Public Utilities
Inc.	Public Utilities
ADES	Basic Industries
Advanced	Basic Industries
Emissions	Basic Industries
Solutions,	Basic Industries
Inc.	Basic Industries
AEIS	Capital Goods
Advanced	Capital Goods
Energy	Capital Goods
Industries,	Capital Goods
Inc.	Capital Goods
ADXS	Health Care
Advaxis,	Health Care
Inc.	Health Care
ADXSW	Health Care
Advaxis,	Health Care
Inc.	Health Care
ADVS	Technology
Advent	Technology
Software,	Technology
Inc.	Technology
MULT	unspecified-company
AdvisorShares	unspecified-company
Sunrise	unspecified-company
Global	unspecified-company
Multi-Strategy	unspecified-company
ETF	unspecified-company
YPRO	unspecified-company
AdvisorShares	unspecified-company
YieldPro	unspecified-company
ETF	unspecified-company
AEGR	Health Care
Aegerion	Health Care
Pharmaceuticals,	Health Care
Inc.	Health Care
AEGN	Basic Industries
Aegion	Basic Industries
Corp	Basic Industries
AEHR	Capital Goods
Aehr	Capital Goods
Test	Capital Goods
Systems	Capital Goods
AMTX	Basic Industries
Aemetis,	Basic Industries
Inc	Basic Industries
AEPI	Capital Goods
AEP	Capital Goods
Industries	Capital Goods
Inc.	Capital Goods
AERI	Health Care
Aerie	Health Care
Pharmaceuticals,	Health Care
Inc.	Health Care
AVAV	Capital Goods
AeroVironment,	Capital Goods
Inc.	Capital Goods
AEZS	Health Care
AEterna	Health Care
Zentaris	Health Care
Inc.	Health Care
ATRM	Capital Goods
Aetrium	Capital Goods
Incorporated	Capital Goods
AFMD	unspecified-company
Affimed	unspecified-company
N.V.	unspecified-company
AFFX	Capital Goods
Affymetrix,	Capital Goods
Inc.	Capital Goods
AGEN	Health Care
Agenus	Health Care
Inc.	Health Care
AGRX	Health Care
Agile	Health Care
Therapeutics,	Health Care
Inc.	Health Care
AGYS	Technology
Agilysys,	Technology
Inc.	Technology
AGIO	Health Care
Agios	Health Care
Pharmaceuticals,	Health Care
Inc.	Health Care
AIRM	Transportation
Air	Transportation
Methods	Transportation
Corporation	Transportation
AIRT	Transportation
Air	Transportation
T,	Transportation
Inc.	Transportation
ATSG	Transportation
Air	Transportation
Transport	Transportation
Services	Transportation
Group,	Transportation
Inc	Transportation
AMCN	Technology
AirMedia	Technology
Group	Technology
Inc	Technology
AIXG	Technology
Aixtron	Technology
SE	Technology
AKAM	Miscellaneous
Akamai	Miscellaneous
Technologies,	Miscellaneous
Inc.	Miscellaneous
AKBA	Health Care
Akebia	Health Care
Therapeutics,	Health Care
Inc.	Health Care
AKER	Health Care
Akers	Health Care
Biosciences	Health Care
Inc	Health Care
AKRX	Health Care
Akorn,	Health Care
Inc.	Health Care
ALSK	Public Utilities
Alaska	Public Utilities
Communications	Public Utilities
Systems	Public Utilities
Group,	Public Utilities
Inc.	Public Utilities
AMRI	Health Care
Albany	Health Care
Molecular	Health Care
Research,	Health Care
Inc.	Health Care
ABDC	unspecified-company
Alcentra	unspecified-company
Capital	unspecified-company
Corp.	unspecified-company
ALCS	Consumer Services
ALCO	Consumer Services
Stores,	Consumer Services
Inc.	Consumer Services
ADHD	Health Care
Alcobra	Health Care
Ltd.	Health Care
ALDR	Health Care
Alder	Health Care
BioPharmaceuticals,	Health Care
Inc.	Health Care
ALDX	Health Care
Aldeyra	Health Care
Therapeutics,	Health Care
Inc.	Health Care
ALXN	Health Care
Alexion	Health Care
Pharmaceuticals,	Health Care
Inc.	Health Care
ALXA	Health Care
Alexza	Health Care
Pharmaceuticals,	Health Care
Inc.	Health Care
ALCO	Consumer Non-Durables
Alico,	Consumer Non-Durables
Inc.	Consumer Non-Durables
ALGN	Health Care
Align	Health Care
Technology,	Health Care
Inc.	Health Care
ALIM	Health Care
Alimera	Health Care
Sciences,	Health Care
Inc.	Health Care
ALKS	Health Care
Alkermes	Health Care
plc	Health Care
ALGT	Transportation
Allegiant	Transportation
Travel	Transportation
Company	Transportation
ALLB	Finance
Alliance	Finance
Bancorp,	Finance
Inc.	Finance
of	Finance
Pennsylvania	Finance
AFOP	Technology
Alliance	Technology
Fiber	Technology
Optic	Technology
Products,	Technology
Inc.	Technology
AIQ	Health Care
Alliance	Health Care
HealthCare	Health Care
Services,	Health Care
Inc.	Health Care
AHGP	Energy
Alliance	Energy
Holdings	Energy
GP,	Energy
L.P.	Energy
ARLP	Energy
Alliance	Energy
Resource	Energy
Partners,	Energy
L.P.	Energy
AHPI	Health Care
Allied	Health Care
Healthcare	Health Care
Products,	Health Care
Inc.	Health Care
AMOT	Capital Goods
Allied	Capital Goods
Motion	Capital Goods
Technologies,	Capital Goods
Inc.	Capital Goods
ALQA	Health Care
Alliqua,	Health Care
Inc.	Health Care
ALLT	Technology
Allot	Technology
Communications	Technology
Ltd.	Technology
MDRX	Technology
Allscripts	Technology
Healthcare	Technology
Solutions,	Technology
Inc.	Technology
AFAM	Health Care
Almost	Health Care
Family	Health Care
Inc	Health Care
ALNY	Health Care
Alnylam	Health Care
Pharmaceuticals,	Health Care
Inc.	Health Care
AOSL	Technology
Alpha	Technology
and	Technology
Omega	Technology
Semiconductor	Technology
Limited	Technology
ATEC	Health Care
Alphatec	Health Care
Holdings,	Health Care
Inc.	Health Care
ALTR	Technology
Altera	Technology
Corporation	Technology
ASPS	Consumer Services
Altisource	Consumer Services
Portfolio	Consumer Services
Solutions	Consumer Services
S.A.	Consumer Services
APSA	Consumer Services
Alto	Consumer Services
Palermo	Consumer Services
S.A.	Consumer Services
AIMC	Capital Goods
Altra	Capital Goods
Industrial	Capital Goods
Motion	Capital Goods
Corp.	Capital Goods
AMAG	Health Care
AMAG	Health Care
Pharmaceuticals,	Health Care
Inc.	Health Care
AMRN	Health Care
Amarin	Health Care
Corporation	Health Care
PLC	Health Care
AMRK	Basic Industries
A-Mark	Basic Industries
Precious	Basic Industries
Metals,	Basic Industries
Inc.	Basic Industries
AMZN	Consumer Services
Amazon.com,	Consumer Services
Inc.	Consumer Services
AMBC	Finance
Ambac	Finance
Financial	Finance
Group,	Finance
Inc.	Finance
AMBCW	Finance
Ambac	Finance
Financial	Finance
Group,	Finance
Inc.	Finance
AMBA	Technology
Ambarella,	Technology
Inc.	Technology
EPAX	Consumer Services
Ambassadors	Consumer Services
Group,	Consumer Services
Inc.	Consumer Services
AMBI	Health Care
Ambit	Health Care
Biosciences	Health Care
Corporation	Health Care
AMCX	Consumer Services
AMC	Consumer Services
Networks	Consumer Services
Inc.	Consumer Services
DOX	Technology
Amdocs	Technology
Limited	Technology
AMDA	Health Care
Amedica	Health Care
Corporation	Health Care
AMED	Health Care
Amedisys	Health Care
Inc	Health Care
UHAL	Consumer Services
Amerco	Consumer Services
ASBI	Finance
Ameriana	Finance
Bancorp	Finance
ATAX	Finance
America	Finance
First	Finance
Multifamily	Finance
Investors,	Finance
L.P.	Finance
AMOV	Public Utilities
America	Public Utilities
Movil,	Public Utilities
S.A.B.	Public Utilities
de	Public Utilities
C.V.	Public Utilities
AAL	Transportation
American	Transportation
Airlines	Transportation
Group,	Transportation
Inc.	Transportation
AGNC	Consumer Services
American	Consumer Services
Capital	Consumer Services
Agency	Consumer Services
Corp.	Consumer Services
AGNCB	Consumer Services
American	Consumer Services
Capital	Consumer Services
Agency	Consumer Services
Corp.	Consumer Services
AGNCP	Consumer Services
American	Consumer Services
Capital	Consumer Services
Agency	Consumer Services
Corp.	Consumer Services
MTGE	Consumer Services
American	Consumer Services
Capital	Consumer Services
Mortgage	Consumer Services
Investment	Consumer Services
Corp.	Consumer Services
MTGEP	Consumer Services
American	Consumer Services
Capital	Consumer Services
Mortgage	Consumer Services
Investment	Consumer Services
Corp.	Consumer Services
ACSF	unspecified-company
American	unspecified-company
Capital	unspecified-company
Senior	unspecified-company
Floating,	unspecified-company
Ltd.	unspecified-company
ACAS	unspecified-company
American	unspecified-company
Capital,	unspecified-company
Ltd.	unspecified-company
ANCI	Health Care
American	Health Care
Caresource	Health Care
Holdings	Health Care
Inc	Health Care
AETI	Energy
American	Energy
Electric	Energy
Technologies,	Energy
Inc.	Energy
AMIC	Finance
American	Finance
Independence	Finance
Corp.	Finance
AMNB	Finance
American	Finance
National	Finance
Bankshares,	Finance
Inc.	Finance
ANAT	Finance
American	Finance
National	Finance
Insurance	Finance
Company	Finance
APEI	Consumer Services
American	Consumer Services
Public	Consumer Services
Education,	Consumer Services
Inc.	Consumer Services
ARII	Capital Goods
American	Capital Goods
Railcar	Capital Goods
Industries,	Capital Goods
Inc.	Capital Goods
HCT	Consumer Services
American	Consumer Services
Realty	Consumer Services
Capital	Consumer Services
Healthcare	Consumer Services
Trust,	Consumer Services
Inc.	Consumer Services
ARCP	Consumer Services
American	Consumer Services
Realty	Consumer Services
Capital	Consumer Services
Properties,	Consumer Services
Inc.	Consumer Services
ARCPP	Consumer Services
American	Consumer Services
Realty	Consumer Services
Capital	Consumer Services
Properties,	Consumer Services
Inc.	Consumer Services
AMRB	Finance
American	Finance
River	Finance
Bankshares	Finance
ASEI	Health Care
American	Health Care
Science	Health Care
and	Health Care
Engineering,	Health Care
Inc.	Health Care
AMSWA	Technology
American	Technology
Software,	Technology
Inc.	Technology
AMSC	Consumer Durables
American	Consumer Durables
Superconductor	Consumer Durables
Corporation	Consumer Durables
AMWD	Basic Industries
American	Basic Industries
Woodmark	Basic Industries
Corporation	Basic Industries
CRMT	Consumer Durables
America&#39;s	Consumer Durables
Car-Mart,	Consumer Durables
Inc.	Consumer Durables
ABCB	Finance
Ameris	Finance
Bancorp	Finance
AMSF	Finance
AMERISAFE,	Finance
Inc.	Finance
ASRV	Finance
AmeriServ	Finance
Financial	Finance
Inc.	Finance
ASRVP	Finance
AmeriServ	Finance
Financial	Finance
Inc.	Finance
ATLO	Finance
Ames	Finance
National	Finance
Corporation	Finance
AMGN	Health Care
Amgen	Health Care
Inc.	Health Care
FOLD	Health Care
Amicus	Health Care
Therapeutics,	Health Care
Inc.	Health Care
AMKR	Technology
Amkor	Technology
Technology,	Technology
Inc.	Technology
AMPH	Health Care
Amphastar	Health Care
Pharmaceuticals,	Health Care
Inc.	Health Care
AMSG	Health Care
Amsurg	Health Care
Corp.	Health Care
AMSGP	Health Care
Amsurg	Health Care
Corp.	Health Care
ASYS	Technology
Amtech	Technology
Systems,	Technology
Inc.	Technology
AFSI	Finance
AmTrust	Finance
Financial	Finance
Services,	Finance
Inc.	Finance
AMRS	Basic Industries
Amyris,	Basic Industries
Inc.	Basic Industries
ANAC	Health Care
Anacor	Health Care
Pharmaceuticals,	Health Care
Inc.	Health Care
ANAD	Technology
ANADIGICS,	Technology
Inc.	Technology
ADI	Technology
Analog	Technology
Devices,	Technology
Inc.	Technology
ALOG	Capital Goods
Analogic	Capital Goods
Corporation	Capital Goods
ANCB	Finance
Anchor	Finance
Bancorp	Finance
AMCF	Energy
Andatee	Energy
China	Energy
Marine	Energy
Fuel	Energy
Services	Energy
Corporation	Energy
ANGI	Consumer Services
Angie&#39;s	Consumer Services
List,	Consumer Services
Inc.	Consumer Services
ANGO	Health Care
AngioDynamics,	Health Care
Inc.	Health Care
ANIP	Health Care
ANI	Health Care
Pharmaceuticals,	Health Care
Inc.	Health Care
ANIK	Health Care
Anika	Health Care
Therapeutics	Health Care
Inc.	Health Care
ANSS	Technology
ANSYS,	Technology
Inc.	Technology
ATRS	Health Care
Antares	Health Care
Pharma,	Health Care
Inc.	Health Care
ANTH	Health Care
Anthera	Health Care
Pharmaceuticals,	Health Care
Inc.	Health Care
ABAC	Consumer Non-Durables
Aoxin	Consumer Non-Durables
Tianli	Consumer Non-Durables
Group,	Consumer Non-Durables
Inc.	Consumer Non-Durables
APAGF	Energy
Apco	Energy
Oil	Energy
and	Energy
Gas	Energy
International	Energy
Inc.	Energy
ATNY	Technology
API	Technology
Technologies	Technology
Corp.	Technology
APOG	Capital Goods
Apogee	Capital Goods
Enterprises,	Capital Goods
Inc.	Capital Goods
APOL	Consumer Services
Apollo	Consumer Services
Education	Consumer Services
Group,	Consumer Services
Inc.	Consumer Services
AINV	unspecified-company
Apollo	unspecified-company
Investment	unspecified-company
Corporation	unspecified-company
AAPL	Technology
Apple	Technology
Inc.	Technology
ARCI	Consumer Services
Appliance	Consumer Services
Recycling	Consumer Services
Centers	Consumer Services
of	Consumer Services
America,	Consumer Services
Inc.	Consumer Services
AGTC	Health Care
Applied	Health Care
Genetic	Health Care
Technologies	Health Care
Corporation	Health Care
AMAT	Technology
Applied	Technology
Materials,	Technology
Inc.	Technology
AMCC	Technology
Applied	Technology
Micro	Technology
Circuits	Technology
Corporation	Technology
AAOI	Technology
Applied	Technology
Optoelectronics,	Technology
Inc.	Technology
AREX	Energy
Approach	Energy
Resources	Energy
Inc.	Energy
APRI	Health Care
Apricus	Health Care
Biosciences,	Health Care
Inc	Health Care
AQU	Finance
Aquasition	Finance
Corp.	Finance
AQXP	Health Care
Aquinox	Health Care
Pharmaceuticals,	Health Care
Inc.	Health Care
AUMAU	unspecified-company
AR	unspecified-company
Capital	unspecified-company
Acquisition	unspecified-company
Corp.	unspecified-company
ARDM	Health Care
Aradigm	Health Care
Corporation	Health Care
PETX	Health Care
Aratana	Health Care
Therapeutics,	Health Care
Inc.	Health Care
ARCW	Capital Goods
ARC	Capital Goods
Group	Capital Goods
Worldwide,	Capital Goods
Inc.	Capital Goods
ABIO	Health Care
ARCA	Health Care
biopharma,	Health Care
Inc.	Health Care
ARCB	Transportation
ArcBest	Transportation
Corporation	Transportation
ACGL	Finance
Arch	Finance
Capital	Finance
Group	Finance
Ltd.	Finance
ACAT	Capital Goods
Arctic	Capital Goods
Cat	Capital Goods
Inc.	Capital Goods
ARDX	Health Care
Ardelyx,	Health Care
Inc.	Health Care
ARNA	Health Care
Arena	Health Care
Pharmaceuticals,	Health Care
Inc.	Health Care
ARCC	unspecified-company
Ares	unspecified-company
Capital	unspecified-company
Corporation	unspecified-company
AGII	Finance
Argo	Finance
Group	Finance
International	Finance
Holdings,	Finance
Ltd.	Finance
AGIIL	Finance
Argo	Finance
Group	Finance
International	Finance
Holdings,	Finance
Ltd.	Finance
ARGS	Health Care
Argos	Health Care
Therapeutics,	Health Care
Inc.	Health Care
ARIS	Technology
ARI	Technology
Network	Technology
Services,	Technology
Inc.	Technology
ARIA	Health Care
ARIAD	Health Care
Pharmaceuticals,	Health Care
Inc.	Health Care
ARKR	Consumer Services
Ark	Consumer Services
Restaurants	Consumer Services
Corp.	Consumer Services
ARMH	Technology
ARM	Technology
Holdings	Technology
plc	Technology
ARTX	Miscellaneous
Arotech	Miscellaneous
Corporation	Miscellaneous
ARQL	Health Care
ArQule,	Health Care
Inc.	Health Care
ARRY	Health Care
Array	Health Care
BioPharma	Health Care
Inc.	Health Care
ARRS	Technology
ARRIS	Technology
Group,	Technology
Inc.	Technology
DWAT	unspecified-company
Arrow	unspecified-company
DWA	unspecified-company
Tactical	unspecified-company
ETF	unspecified-company
AROW	Finance
Arrow	Finance
Financial	Finance
Corporation	Finance
ARWR	Health Care
Arrowhead	Health Care
Research	Health Care
Corporation	Health Care
ARTNA	Public Utilities
Artesian	Public Utilities
Resources	Public Utilities
Corporation	Public Utilities
ARTW	Capital Goods
Art&#39;s-Way	Capital Goods
Manufacturing	Capital Goods
Co.,	Capital Goods
Inc.	Capital Goods
ARUN	Technology
Aruba	Technology
Networks,	Technology
Inc.	Technology
ASBB	Finance
ASB	Finance
Bancorp,	Finance
Inc.	Finance
ASNA	Consumer Services
Ascena	Consumer Services
Retail	Consumer Services
Group,	Consumer Services
Inc.	Consumer Services
ASCMA	Consumer Services
Ascent	Consumer Services
Capital	Consumer Services
Group,	Consumer Services
Inc.	Consumer Services
ASTI	Technology
Ascent	Technology
Solar	Technology
Technologies,	Technology
Inc.	Technology
APWC	Basic Industries
Asia	Basic Industries
Pacific	Basic Industries
Wire	Basic Industries
&	Basic Industries
Cable	Basic Industries
Corporation	Basic Industries
Limited	Basic Industries
ASMI	Technology
ASM	Technology
International	Technology
N.V.	Technology
ASML	Technology
ASML	Technology
Holding	Technology
N.V.	Technology
AZPN	Technology
Aspen	Technology
Technology,	Technology
Inc.	Technology
ASMB	Health Care
Assembly	Health Care
Biosciences,	Health Care
Inc.	Health Care
ASBC	Finance
Associated	Finance
Banc-Corp	Finance
ASBCW	Finance
Associated	Finance
Banc-Corp	Finance
ASFI	Finance
Asta	Finance
Funding,	Finance
Inc.	Finance
ATEA	Technology
Astea	Technology
International,	Technology
Inc.	Technology
ASTE	Capital Goods
Astec	Capital Goods
Industries,	Capital Goods
Inc.	Capital Goods
ALOT	Technology
Astro-Med,	Technology
Inc.	Technology
ATRO	Capital Goods
Astronics	Capital Goods
Corporation	Capital Goods
ASTC	Capital Goods
Astrotech	Capital Goods
Corporation	Capital Goods
ASUR	Technology
Asure	Technology
Software	Technology
Inc	Technology
ATAI	Consumer Services
ATA	Consumer Services
Inc.	Consumer Services
ATHN	Miscellaneous
athenahealth,	Miscellaneous
Inc.	Miscellaneous
AFCB	Finance
Athens	Finance
Bancshares	Finance
Corporation	Finance
ATHX	Health Care
Athersys,	Health Care
Inc.	Health Care
AAME	Finance
Atlantic	Finance
American	Finance
Corporation	Finance
ACFC	Finance
Atlantic	Finance
Coast	Finance
Financial	Finance
Corporation	Finance
ATNI	Public Utilities
Atlantic	Public Utilities
Tele-Network,	Public Utilities
Inc.	Public Utilities
ATLC	Finance
Atlanticus	Finance
Holdings	Finance
Corporation	Finance
AAWW	Transportation
Atlas	Transportation
Air	Transportation
Worldwide	Transportation
Holdings	Transportation
AFH	Finance
Atlas	Finance
Financial	Finance
Holdings,	Finance
Inc.	Finance
ATML	Technology
Atmel	Technology
Corporation	Technology
ATOS	Health Care
Atossa	Health Care
Genetics	Health Care
Inc.	Health Care
ATRC	Health Care
AtriCure,	Health Care
Inc.	Health Care
ATRI	Health Care
ATRION	Health Care
Corporation	Health Care
ATTU	Technology
Attunity	Technology
Ltd.	Technology
AUBN	Finance
Auburn	Finance
National	Finance
Bancorporation,	Finance
Inc.	Finance
ADNC	Technology
Audience,	Technology
Inc.	Technology
AUDC	Public Utilities
AudioCodes	Public Utilities
Ltd.	Public Utilities
AUPH	unspecified-company
Aurinia	unspecified-company
Pharmaceuticals	unspecified-company
Inc	unspecified-company
EARS	Health Care
Auris	Health Care
Medical	Health Care
Holding	Health Care
AG	Health Care
ASPX	Health Care
Auspex	Health Care
Pharmaceuticals,	Health Care
Inc.	Health Care
ADAT	Technology
Authentidate	Technology
Holding	Technology
Corp.	Technology
ABTL	Technology
Autobytel	Technology
Inc.	Technology
ADSK	Technology
Autodesk,	Technology
Inc.	Technology
ADP	Technology
Automatic	Technology
Data	Technology
Processing,	Technology
Inc.	Technology
AUXL	Health Care
Auxilium	Health Care
Pharmaceuticals,	Health Care
Inc.	Health Care
AVGO	Technology
Avago	Technology
Technologies	Technology
Limited	Technology
AAVL	Health Care
Avalanche	Health Care
Biotechnologies,	Health Care
Inc.	Health Care
AVNR	Health Care
Avanir	Health Care
Pharmaceuticals,	Health Care
Inc.	Health Care
AVEO	Health Care
AVEO	Health Care
Pharmaceuticals,	Health Care
Inc.	Health Care
AVNW	Technology
Aviat	Technology
Networks,	Technology
Inc.	Technology
CAR	Consumer Services
Avis	Consumer Services
Budget	Consumer Services
Group,	Consumer Services
Inc.	Consumer Services
AWRE	Technology
Aware,	Technology
Inc.	Technology
ACLS	Technology
Axcelis	Technology
Technologies,	Technology
Inc.	Technology
AXGN	Health Care
AxoGen,	Health Care
Inc.	Health Care
AXTI	Technology
AXT	Technology
Inc	Technology
BCOM	Consumer Services
B	Consumer Services
Communications	Consumer Services
Ltd.	Consumer Services
BOSC	Technology
B.O.S.	Technology
Better	Technology
Online	Technology
Solutions	Technology
BEAV	Consumer Durables
B/E	Consumer Durables
Aerospace,	Consumer Durables
Inc.	Consumer Durables
BIDU	Technology
Baidu,	Technology
Inc.	Technology
BCPC	Basic Industries
Balchem	Basic Industries
Corporation	Basic Industries
BWINA	Finance
Baldwin	Finance
&	Finance
Lyons,	Finance
Inc.	Finance
BWINB	Finance
Baldwin	Finance
&	Finance
Lyons,	Finance
Inc.	Finance
BLDP	Energy
Ballard	Energy
Power	Energy
Systems,	Energy
Inc.	Energy
BANF	Finance
BancFirst	Finance
Corporation	Finance
BANFP	Finance
BancFirst	Finance
Corporation	Finance
BKMU	Finance
Bank	Finance
Mutual	Finance
Corporation	Finance
BOCH	Finance
Bank	Finance
of	Finance
Commerce	Finance
Holdings	Finance
(CA)	Finance
BMRC	Finance
Bank	Finance
of	Finance
Marin	Finance
Bancorp	Finance
BKSC	Finance
Bank	Finance
of	Finance
South	Finance
Carolina	Finance
Corp.	Finance
BOTJ	Finance
Bank	Finance
of	Finance
the	Finance
James	Finance
Financial	Finance
Group,	Finance
Inc.	Finance
OZRK	Finance
Bank	Finance
of	Finance
the	Finance
Ozarks	Finance
BFIN	Finance
BankFinancial	Finance
Corporation	Finance
BWFG	Finance
Bankwell	Finance
Financial	Finance
Group,	Finance
Inc.	Finance
BANR	Finance
Banner	Finance
Corporation	Finance
TAPR	Finance
Barclays	Finance
Inverse	Finance
US	Finance
Treasury	Finance
Composite	Finance
ETN	Finance
BBSI	Technology
Barrett	Technology
Business	Technology
Services,	Technology
Inc.	Technology
BSET	Consumer Durables
Bassett	Consumer Durables
Furniture	Consumer Durables
Industries,	Consumer Durables
Incorporated	Consumer Durables
BAXS	Health Care
Baxano	Health Care
Surgical,	Health Care
Inc.	Health Care
BYBK	Finance
Bay	Finance
Bancorp,	Finance
Inc.	Finance
BYLK	Finance
Baylake	Finance
Corp	Finance
BV	Technology
Bazaarvoice,	Technology
Inc.	Technology
BBCN	Finance
BBCN	Finance
Bancorp,	Finance
Inc.	Finance
BCBP	Finance
BCB	Finance
Bancorp,	Finance
Inc.	Finance
(NJ)	Finance
BDCV	unspecified-company
BDCA	unspecified-company
Venture,	unspecified-company
Inc.	unspecified-company
BECN	Consumer Services
Beacon	Consumer Services
Roofing	Consumer Services
Supply,	Consumer Services
Inc.	Consumer Services
BSF	Finance
Bear	Finance
State	Finance
Financial,	Finance
Inc.	Finance
BBGI	Consumer Services
Beasley	Consumer Services
Broadcast	Consumer Services
Group,	Consumer Services
Inc.	Consumer Services
BEBE	Consumer Non-Durables
bebe	Consumer Non-Durables
stores,	Consumer Non-Durables
inc.	Consumer Non-Durables
BBBY	Consumer Services
Bed	Consumer Services
Bath	Consumer Services
&	Consumer Services
Beyond	Consumer Services
Inc.	Consumer Services
BELFA	Capital Goods
Bel	Capital Goods
Fuse	Capital Goods
Inc.	Capital Goods
BELFB	Capital Goods
Bel	Capital Goods
Fuse	Capital Goods
Inc.	Capital Goods
BNCL	Finance
Beneficial	Finance
Mutual	Finance
Bancorp,	Finance
Inc.	Finance
BNFT	Technology
Benefitfocus,	Technology
Inc.	Technology
BGMD	Health Care
BG	Health Care
Medicine,	Health Care
Inc.	Health Care
BGCP	Finance
BGC	Finance
Partners,	Finance
Inc.	Finance
BGFV	Consumer Services
Big	Consumer Services
5	Consumer Services
Sporting	Consumer Services
Goods	Consumer Services
Corporation	Consumer Services
BIND	Health Care
BIND	Health Care
Therapeutics,	Health Care
Inc.	Health Care
ORPN	Health Care
Bio	Health Care
Blast	Health Care
Pharma	Health Care
Ltd.	Health Care
BASI	Health Care
Bioanalytical	Health Care
Systems,	Health Care
Inc.	Health Care
BIOC	Health Care
Biocept,	Health Care
Inc.	Health Care
BCRX	Health Care
BioCryst	Health Care
Pharmaceuticals,	Health Care
Inc.	Health Care
BIOD	Health Care
Biodel	Health Care
Inc.	Health Care
BDSI	Health Care
BioDelivery	Health Care
Sciences	Health Care
International,	Health Care
Inc.	Health Care
BIOF	Basic Industries
BioFuel	Basic Industries
Energy	Basic Industries
Corp.	Basic Industries
BIOFR	unspecified-company
BioFuel	unspecified-company
Energy	unspecified-company
Corp.	unspecified-company
BIIB	Health Care
Biogen	Health Care
Idec	Health Care
Inc.	Health Care
BIOL	Health Care
Biolase,	Health Care
Inc.	Health Care
BLFS	Health Care
BioLife	Health Care
Solutions,	Health Care
Inc.	Health Care
BLRX	Health Care
BioLineRx	Health Care
Ltd.	Health Care
BMRN	Health Care
BioMarin	Health Care
Pharmaceutical	Health Care
Inc.	Health Care
BPTH	Consumer Services
Bio-Path	Consumer Services
Holdings,	Consumer Services
Inc.	Consumer Services
BRLI	Health Care
Bio-Reference	Health Care
Laboratories,	Health Care
Inc.	Health Care
BIOS	Health Care
BioScrip,	Health Care
Inc.	Health Care
BSTC	Health Care
BioSpecifics	Health Care
Technologies	Health Care
Corp	Health Care
BSPM	Health Care
Biostar	Health Care
Pharmaceuticals,	Health Care
Inc.	Health Care
BOTA	Health Care
Biota	Health Care
Pharmaceuticals,	Health Care
Inc.	Health Care
BEAT	Health Care
BioTelemetry,	Health Care
Inc.	Health Care
BDMS	Health Care
Birner	Health Care
Dental	Health Care
Management	Health Care
Services,	Health Care
Inc.	Health Care
BJRI	Consumer Services
BJ&#39;s	Consumer Services
Restaurants,	Consumer Services
Inc.	Consumer Services
BBOX	Technology
Black	Technology
Box	Technology
Corporation	Technology
BDE	Consumer Non-Durables
Black	Consumer Non-Durables
Diamond,	Consumer Non-Durables
Inc.	Consumer Non-Durables
BLKB	Technology
Blackbaud,	Technology
Inc.	Technology
BBRY	Public Utilities
BlackBerry	Public Utilities
Limited	Public Utilities
HAWK	Finance
Blackhawk	Finance
Network	Finance
Holdings,	Finance
Inc.	Finance
HAWKB	Finance
Blackhawk	Finance
Network	Finance
Holdings,	Finance
Inc.	Finance
BKCC	unspecified-company
BlackRock	unspecified-company
Kelso	unspecified-company
Capital	unspecified-company
Corporation	unspecified-company
ADRA	unspecified-company
BLDRS	unspecified-company
Asia	unspecified-company
50	unspecified-company
ADR	unspecified-company
Index	unspecified-company
Fund	unspecified-company
ADRD	unspecified-company
BLDRS	unspecified-company
Developed	unspecified-company
Markets	unspecified-company
100	unspecified-company
ADR	unspecified-company
Index	unspecified-company
Fund	unspecified-company
ADRE	unspecified-company
BLDRS	unspecified-company
Emerging	unspecified-company
Markets	unspecified-company
50	unspecified-company
ADR	unspecified-company
Index	unspecified-company
Fund	unspecified-company
ADRU	unspecified-company
BLDRS	unspecified-company
Europe	unspecified-company
100	unspecified-company
ADR	unspecified-company
Index	unspecified-company
Fund	unspecified-company
BLMN	Consumer Services
Bloomin&#39;	Consumer Services
Brands,	Consumer Services
Inc.	Consumer Services
BCOR	Technology
Blucora,	Technology
Inc.	Technology
BBLU	unspecified-company
Blue	unspecified-company
Earth,	unspecified-company
Inc.	unspecified-company
BHBK	Finance
Blue	Finance
Hills	Finance
Bancorp,	Finance
Inc.	Finance
NILE	Consumer Services
Blue	Consumer Services
Nile,	Consumer Services
Inc.	Consumer Services
BLUE	Health Care
bluebird	Health Care
bio,	Health Care
Inc.	Health Care
BKEP	Energy
Blueknight	Energy
Energy	Energy
Partners	Energy
L.P.,	Energy
L.L.C.	Energy
BKEPP	Energy
Blueknight	Energy
Energy	Energy
Partners	Energy
L.P.,	Energy
L.L.C.	Energy
BPHX	Technology
BluePhoenix	Technology
Solutions,	Technology
Ltd.	Technology
BNCN	Finance
BNC	Finance
Bancorp	Finance
BOBE	Consumer Services
Bob	Consumer Services
Evans	Consumer Services
Farms,	Consumer Services
Inc.	Consumer Services
BOFI	Finance
BofI	Finance
Holding,	Finance
Inc.	Finance
WIFI	Consumer Services
Boingo	Consumer Services
Wireless,	Consumer Services
Inc.	Consumer Services
BOKF	Finance
BOK	Finance
Financial	Finance
Corporation	Finance
BOLT	Energy
Bolt	Energy
Technology	Energy
Corporation	Energy
BONA	Consumer Services
Bona	Consumer Services
Film	Consumer Services
Group	Consumer Services
Limited	Consumer Services
BNSO	Capital Goods
Bonso	Capital Goods
Electronics	Capital Goods
International,	Capital Goods
Inc.	Capital Goods
BAMM	Consumer Services
Books-A-Million,	Consumer Services
Inc.	Consumer Services
BRDR	Miscellaneous
Borderfree,	Miscellaneous
Inc.	Miscellaneous
BPFH	Finance
Boston	Finance
Private	Finance
Financial	Finance
Holdings,	Finance
Inc.	Finance
BPFHP	Finance
Boston	Finance
Private	Finance
Financial	Finance
Holdings,	Finance
Inc.	Finance
BPFHW	Finance
Boston	Finance
Private	Finance
Financial	Finance
Holdings,	Finance
Inc.	Finance
EPAY	Technology
Bottomline	Technology
Technologies,	Technology
Inc.	Technology
BDBD	Consumer Non-Durables
Boulder	Consumer Non-Durables
Brands,	Consumer Non-Durables
Inc.	Consumer Non-Durables
BLVD	Finance
Boulevard	Finance
Acquisition	Finance
Corp.	Finance
BLVDU	Finance
Boulevard	Finance
Acquisition	Finance
Corp.	Finance
BLVDW	Finance
Boulevard	Finance
Acquisition	Finance
Corp.	Finance
BCLI	unspecified-company
Brainstorm	unspecified-company
Cell	unspecified-company
Therapeutics	unspecified-company
Inc.	unspecified-company
BBRG	Consumer Services
Bravo	Consumer Services
Brio	Consumer Services
Restaurant	Consumer Services
Group,	Consumer Services
Inc.	Consumer Services
BBEP	Energy
BreitBurn	Energy
Energy	Energy
Partners,	Energy
L.P.	Energy
BBEPP	Energy
BreitBurn	Energy
Energy	Energy
Partners,	Energy
L.P.	Energy
BDGE	Finance
Bridge	Finance
Bancorp,	Finance
Inc.	Finance
BBNK	Finance
Bridge	Finance
Capital	Finance
Holdings	Finance
BLIN	Technology
Bridgeline	Technology
Digital,	Technology
Inc.	Technology
BRID	Consumer Non-Durables
Bridgford	Consumer Non-Durables
Foods	Consumer Non-Durables
Corporation	Consumer Non-Durables
BCOV	Technology
Brightcove	Technology
Inc.	Technology
BRCM	Technology
Broadcom	Technology
Corporation	Technology
BSFT	Technology
BroadSoft,	Technology
Inc.	Technology
BVSN	Technology
BroadVision,	Technology
Inc.	Technology
BYFC	Finance
Broadway	Finance
Financial	Finance
Corporation	Finance
BWEN	Capital Goods
Broadwind	Capital Goods
Energy,	Capital Goods
Inc.	Capital Goods
BRCD	Technology
Brocade	Technology
Communications	Technology
Systems,	Technology
Inc.	Technology
BRKL	Finance
Brookline	Finance
Bancorp,	Finance
Inc.	Finance
BRKS	Technology
Brooks	Technology
Automation,	Technology
Inc.	Technology
BRKR	Capital Goods
Bruker	Capital Goods
Corporation	Capital Goods
BMTC	Finance
Bryn	Finance
Mawr	Finance
Bank	Finance
Corporation	Finance
BLMT	Finance
BSB	Finance
Bancorp,	Finance
Inc.	Finance
BSDM	Health Care
BSD	Health Care
Medical	Health Care
Corporation	Health Care
BSQR	Miscellaneous
BSQUARE	Miscellaneous
Corporation	Miscellaneous
BTUI	Technology
BTU	Technology
International,	Technology
Inc.	Technology
BWLD	Consumer Services
Buffalo	Consumer Services
Wild	Consumer Services
Wings,	Consumer Services
Inc.	Consumer Services
BLDR	Consumer Services
Builders	Consumer Services
FirstSource,	Consumer Services
Inc.	Consumer Services
BUR	Miscellaneous
Burcon	Miscellaneous
Nutrascience	Miscellaneous
Corp	Miscellaneous
CFFI	Finance
C&F	Finance
Financial	Finance
Corporation	Finance
CHRW	Transportation
C.H.	Transportation
Robinson	Transportation
Worldwide,	Transportation
Inc.	Transportation
CA	Technology
CA	Technology
Inc.	Technology
CCMP	Technology
Cabot	Technology
Microelectronics	Technology
Corporation	Technology
CACH	Consumer Services
Cache,	Consumer Services
Inc.	Consumer Services
CDNS	Technology
Cadence	Technology
Design	Technology
Systems,	Technology
Inc.	Technology
CDZI	Public Utilities
Cadiz,	Public Utilities
Inc.	Public Utilities
CACQ	Consumer Services
Caesars	Consumer Services
Acquisition	Consumer Services
Company	Consumer Services
CZR	Consumer Services
Caesars	Consumer Services
Entertainment	Consumer Services
Corporation	Consumer Services
CSTE	Capital Goods
CaesarStone	Capital Goods
Sdot-Yam	Capital Goods
Ltd.	Capital Goods
PRSS	Consumer Services
CafePress	Consumer Services
Inc.	Consumer Services
CLMS	Finance
Calamos	Finance
Asset	Finance
Management,	Finance
Inc.	Finance
CHY	unspecified-company
Calamos	unspecified-company
Convertible	unspecified-company
and	unspecified-company
High	unspecified-company
Income	unspecified-company
Fund	unspecified-company
CHI	unspecified-company
Calamos	unspecified-company
Convertible	unspecified-company
Opportunities	unspecified-company
and	unspecified-company
Income	unspecified-company
Fund	unspecified-company
CFGE	unspecified-company
Calamos	unspecified-company
Focus	unspecified-company
Growth	unspecified-company
ETF	unspecified-company
CHW	unspecified-company
Calamos	unspecified-company
Global	unspecified-company
Dynamic	unspecified-company
Income	unspecified-company
Fund	unspecified-company
CGO	unspecified-company
Calamos	unspecified-company
Global	unspecified-company
Total	unspecified-company
Return	unspecified-company
Fund	unspecified-company
CSQ	unspecified-company
Calamos	unspecified-company
Strategic	unspecified-company
Total	unspecified-company
Return	unspecified-company
Fund	unspecified-company
CAMP	Technology
CalAmp	Technology
Corp.	Technology
CVGW	Consumer Non-Durables
Calavo	Consumer Non-Durables
Growers,	Consumer Non-Durables
Inc.	Consumer Non-Durables
CFNB	Finance
California	Finance
First	Finance
National	Finance
Bancorp	Finance
CALA	unspecified-company
Calithera	unspecified-company
Biosciences,	unspecified-company
Inc.	unspecified-company
CALD	Technology
Callidus	Technology
Software,	Technology
Inc.	Technology
CALM	Consumer Non-Durables
Cal-Maine	Consumer Non-Durables
Foods,	Consumer Non-Durables
Inc.	Consumer Non-Durables
CLMT	Energy
Calumet	Energy
Specialty	Energy
Products	Energy
Partners,	Energy
L.P.	Energy
ABCD	Consumer Services
Cambium	Consumer Services
Learning	Consumer Services
Group,	Consumer Services
Inc.	Consumer Services
CAMB	Finance
CAMBRIDGE	Finance
CAPITAL	Finance
ACQUISITION	Finance
CORPORATION	Finance
CAMBU	Finance
CAMBRIDGE	Finance
CAPITAL	Finance
ACQUISITION	Finance
CORPORATION	Finance
CAMBW	Finance
CAMBRIDGE	Finance
CAPITAL	Finance
ACQUISITION	Finance
CORPORATION	Finance
CAC	Finance
Camden	Finance
National	Finance
Corporation	Finance
CAMT	Capital Goods
Camtek	Capital Goods
Ltd.	Capital Goods
CSIQ	Technology
Canadian	Technology
Solar	Technology
Inc.	Technology
CGIX	Health Care
Cancer	Health Care
Genetics,	Health Care
Inc.	Health Care
CPHC	Consumer Services
Canterbury	Consumer Services
Park	Consumer Services
Holding	Consumer Services
Corporation	Consumer Services
CBNJ	Finance
Cape	Finance
Bancorp,	Finance
Inc.	Finance
CPLA	Consumer Services
Capella	Consumer Services
Education	Consumer Services
Company	Consumer Services
CBF	Finance
Capital	Finance
Bank	Finance
Financial	Finance
Corp.	Finance
CCBG	Finance
Capital	Finance
City	Finance
Bank	Finance
Group	Finance
CPLP	Transportation
Capital	Transportation
Product	Transportation
Partners	Transportation
L.P.	Transportation
CSWC	unspecified-company
Capital	unspecified-company
Southwest	unspecified-company
Corporation	unspecified-company
CPTA	unspecified-company
Capitala	unspecified-company
Finance	unspecified-company
Corp.	unspecified-company
CLAC	Finance
Capitol	Finance
Acquisition	Finance
Corp.	Finance
II	Finance
CLACU	Finance
Capitol	Finance
Acquisition	Finance
Corp.	Finance
II	Finance
CLACW	Finance
Capitol	Finance
Acquisition	Finance
Corp.	Finance
II	Finance
CFFN	Finance
Capitol	Finance
Federal	Finance
Financial,	Finance
Inc.	Finance
CAPNU	Health Care
Capnia,	Health Care
Inc.	Health Care
CPST	Energy
Capstone	Energy
Turbine	Energy
Corporation	Energy
CARA	Health Care
Cara	Health Care
Therapeutics,	Health Care
Inc.	Health Care
CARB	Technology
Carbonite,	Technology
Inc.	Technology
CRDC	Health Care
Cardica,	Health Care
Inc.	Health Care
CFNL	Finance
Cardinal	Finance
Financial	Finance
Corporation	Finance
CRME	Health Care
Cardiome	Health Care
Pharma	Health Care
Corporation	Health Care
CSII	Health Care
Cardiovascular	Health Care
Systems,	Health Care
Inc.	Health Care
CATM	Miscellaneous
Cardtronics,	Miscellaneous
Inc.	Miscellaneous
CDNA	Health Care
CareDx,	Health Care
Inc.	Health Care
CECO	Consumer Services
Career	Consumer Services
Education	Consumer Services
Corporation	Consumer Services
CTRE	Consumer Services
CareTrust	Consumer Services
REIT,	Consumer Services
Inc.	Consumer Services
CKEC	Consumer Services
Carmike	Consumer Services
Cinemas,	Consumer Services
Inc.	Consumer Services
CLBH	Finance
Carolina	Finance
Bank	Finance
Holdings	Finance
Inc.	Finance
CARO	Finance
Carolina	Finance
Financial	Finance
Corporation	Finance
CART	unspecified-company
Carolina	unspecified-company
Trust	unspecified-company
Bank	unspecified-company
CRZO	Energy
Carrizo	Energy
Oil	Energy
&	Energy
Gas,	Energy
Inc.	Energy
TAST	Consumer Services
Carrols	Consumer Services
Restaurant	Consumer Services
Group,	Consumer Services
Inc.	Consumer Services
CRTN	Consumer Services
Cartesian,	Consumer Services
Inc.	Consumer Services
CARV	Finance
Carver	Finance
Bancorp,	Finance
Inc.	Finance
CASM	Health Care
CAS	Health Care
Medical	Health Care
Systems,	Health Care
Inc.	Health Care
CACB	Finance
Cascade	Finance
Bancorp	Finance
CSCD	Capital Goods
Cascade	Capital Goods
Microtech,	Capital Goods
Inc.	Capital Goods
CWST	Public Utilities
Casella	Public Utilities
Waste	Public Utilities
Systems,	Public Utilities
Inc.	Public Utilities
CASY	Consumer Durables
Caseys	Consumer Durables
General	Consumer Durables
Stores,	Consumer Durables
Inc.	Consumer Durables
CASI	Health Care
CASI	Health Care
Pharmaceuticals,	Health Care
Inc.	Health Care
CASS	Miscellaneous
Cass	Miscellaneous
Information	Miscellaneous
Systems,	Miscellaneous
Inc	Miscellaneous
CPRX	Health Care
Catalyst	Health Care
Pharmaceutical	Health Care
Partners,	Health Care
Inc.	Health Care
CTRX	Finance
Catamaran	Finance
Corporation	Finance
CATY	Finance
Cathay	Finance
General	Finance
Bancorp	Finance
CATYW	Finance
Cathay	Finance
General	Finance
Bancorp	Finance
CVCO	Basic Industries
Cavco	Basic Industries
Industries,	Basic Industries
Inc.	Basic Industries
CAVM	Technology
Cavium,	Technology
Inc.	Technology
CBDE	Technology
CBD	Technology
Energy	Technology
Limited	Technology
CBOE	Finance
CBOE	Finance
Holdings,	Finance
Inc.	Finance
CDK	unspecified-company
CDK	unspecified-company
Global,	unspecified-company
Inc.	unspecified-company
CDW	Consumer Services
CDW	Consumer Services
Corporation	Consumer Services
CECE	Capital Goods
CECO	Capital Goods
Environmental	Capital Goods
Corp.	Capital Goods
CPXX	Health Care
Celator	Health Care
Pharmaceuticals	Health Care
Inc.	Health Care
CELG	Health Care
Celgene	Health Care
Corporation	Health Care
CELGZ	Health Care
Celgene	Health Care
Corporation	Health Care
CLDN	Health Care
Celladon	Health Care
Corporation	Health Care
CLDX	Health Care
Celldex	Health Care
Therapeutics,	Health Care
Inc.	Health Care
CLRB	unspecified-company
Cellectar	unspecified-company
Biosciences,	unspecified-company
Inc.	unspecified-company
CLRBW	unspecified-company
Cellectar	unspecified-company
Biosciences,	unspecified-company
Inc.	unspecified-company
CBMG	Finance
Cellular	Finance
Biomedicine	Finance
Group,	Finance
Inc.	Finance
ICEL	Health Care
Cellular	Health Care
Dynamics	Health Care
International,	Health Care
Inc.	Health Care
CLSN	Health Care
Celsion	Health Care
Corporation	Health Care
CLTX	Health Care
Celsus	Health Care
Therapeutics	Health Care
Plc	Health Care
CEMP	Health Care
Cempra,	Health Care
Inc.	Health Care
CSFL	Finance
CenterState	Finance
Banks,	Finance
Inc.	Finance
CETV	Consumer Services
Central	Consumer Services
European	Consumer Services
Media	Consumer Services
Enterprises	Consumer Services
Ltd.	Consumer Services
CFBK	Finance
Central	Finance
Federal	Finance
Corporation	Finance
CENT	Consumer Durables
Central	Consumer Durables
Garden	Consumer Durables
&	Consumer Durables
Pet	Consumer Durables
Company	Consumer Durables
CENTA	Consumer Durables
Central	Consumer Durables
Garden	Consumer Durables
&	Consumer Durables
Pet	Consumer Durables
Company	Consumer Durables
CVCY	Finance
Central	Finance
Valley	Finance
Community	Finance
Bancorp	Finance
CENX	Basic Industries
Century	Basic Industries
Aluminum	Basic Industries
Company	Basic Industries
CNBKA	Finance
Century	Finance
Bancorp,	Finance
Inc.	Finance
CNTY	Consumer Services
Century	Consumer Services
Casinos,	Consumer Services
Inc.	Consumer Services
CPHD	Capital Goods
CEPHEID	Capital Goods
CRNT	Technology
Ceragon	Technology
Networks	Technology
Ltd.	Technology
CERE	Consumer Non-Durables
Ceres,	Consumer Non-Durables
Inc.	Consumer Non-Durables
CERN	Technology
Cerner	Technology
Corporation	Technology
CERU	Health Care
Cerulean	Health Care
Pharma	Health Care
Inc.	Health Care
CERS	Health Care
Cerus	Health Care
Corporation	Health Care
KOOL	Capital Goods
Cesca	Capital Goods
Therapeutics	Capital Goods
Inc.	Capital Goods
CEVA	Technology
CEVA,	Technology
Inc.	Technology
CYOU	Technology
Changyou.com	Technology
Limited	Technology
HOTR	Consumer Services
Chanticleer	Consumer Services
Holdings,	Consumer Services
Inc.	Consumer Services
HOTRW	Consumer Services
Chanticleer	Consumer Services
Holdings,	Consumer Services
Inc.	Consumer Services
CTHR	Consumer Durables
Charles	Consumer Durables
&	Consumer Durables
Colvard	Consumer Durables
Ltd	Consumer Durables
CACG	Finance
Chart	Finance
Acquisition	Finance
Corp.	Finance
CACGU	Finance
Chart	Finance
Acquisition	Finance
Corp.	Finance
CACGW	Finance
Chart	Finance
Acquisition	Finance
Corp.	Finance
GTLS	Capital Goods
Chart	Capital Goods
Industries,	Capital Goods
Inc.	Capital Goods
CHTR	Consumer Services
Charter	Consumer Services
Communications,	Consumer Services
Inc.	Consumer Services
CHFN	Finance
Charter	Finance
Financial	Finance
Corp.	Finance
CHKP	Technology
Check	Technology
Point	Technology
Software	Technology
Technologies	Technology
Ltd.	Technology
CEMI	Health Care
Chembio	Health Care
Diagnostics,	Health Care
Inc.	Health Care
CHFC	Finance
Chemical	Finance
Financial	Finance
Corporation	Finance
CCXI	Health Care
ChemoCentryx,	Health Care
Inc.	Health Care
CHMG	Finance
Chemung	Finance
Financial	Finance
Corp	Finance
CHKE	Consumer Non-Durables
Cherokee	Consumer Non-Durables
Inc.	Consumer Non-Durables
CHEV	Finance
Cheviot	Finance
Financial	Finance
Corp	Finance
CBNK	Finance
Chicopee	Finance
Bancorp,	Finance
Inc.	Finance
PLCE	Consumer Services
Children&#39;s	Consumer Services
Place,	Consumer Services
Inc.	Consumer Services
(The)	Consumer Services
CMRX	Health Care
Chimerix,	Health Care
Inc.	Health Care
CADC	Basic Industries
China	Basic Industries
Advanced	Basic Industries
Construction	Basic Industries
Materials	Basic Industries
Group,	Basic Industries
Inc.	Basic Industries
CALI	Consumer Services
China	Consumer Services
Auto	Consumer Services
Logistics	Consumer Services
Inc.	Consumer Services
CAAS	Capital Goods
China	Capital Goods
Automotive	Capital Goods
Systems,	Capital Goods
Inc.	Capital Goods
CBAK	Miscellaneous
China	Miscellaneous
BAK	Miscellaneous
Battery,	Miscellaneous
Inc.	Miscellaneous
CBPO	Health Care
China	Health Care
Biologic	Health Care
Products,	Health Care
Inc.	Health Care
CCCL	Capital Goods
China	Capital Goods
Ceramics	Capital Goods
Co.,	Capital Goods
Ltd.	Capital Goods
CCCR	Finance
China	Finance
Commercial	Finance
Credit,	Finance
Inc.	Finance
JRJC	Miscellaneous
China	Miscellaneous
Finance	Miscellaneous
Online	Miscellaneous
Co.	Miscellaneous
Limited	Miscellaneous
CHOP	Capital Goods
China	Capital Goods
Gerui	Capital Goods
Advanced	Capital Goods
Materials	Capital Goods
Group	Capital Goods
Limited	Capital Goods
HGSH	Finance
China	Finance
HGS	Finance
Real	Finance
Estate,	Finance
Inc.	Finance
CHLN	Basic Industries
China	Basic Industries
Housing	Basic Industries
&	Basic Industries
Land	Basic Industries
Development,	Basic Industries
Inc.	Basic Industries
CNIT	Technology
China	Technology
Information	Technology
Technology,	Technology
Inc.	Technology
CJJD	Health Care
China	Health Care
Jo-Jo	Health Care
Drugstores,	Health Care
Inc.	Health Care
HTHT	Consumer Services
China	Consumer Services
Lodging	Consumer Services
Group,	Consumer Services
Limited	Consumer Services
CMGE	Technology
China	Technology
Mobile	Technology
Games	Technology
and	Technology
Entertainment	Technology
Group	Technology
Limited	Technology
CHNR	Basic Industries
China	Basic Industries
Natural	Basic Industries
Resources,	Basic Industries
Inc.	Basic Industries
CREG	Miscellaneous
China	Miscellaneous
Recycling	Miscellaneous
Energy	Miscellaneous
Corporation	Miscellaneous
CPGI	Consumer Durables
China	Consumer Durables
Shengda	Consumer Durables
Packaging	Consumer Durables
Group,	Consumer Durables
Inc.	Consumer Durables
CSUN	Technology
China	Technology
Sunergy	Technology
Co.,	Technology
Ltd.	Technology
CNTF	Miscellaneous
China	Miscellaneous
TechFaith	Miscellaneous
Wireless	Miscellaneous
Communication	Miscellaneous
Technology	Miscellaneous
Limited	Miscellaneous
CXDC	Capital Goods
China	Capital Goods
XD	Capital Goods
Plastics	Capital Goods
Company	Capital Goods
Limited	Capital Goods
CNYD	Consumer Services
China	Consumer Services
Yida	Consumer Services
Holding,	Consumer Services
Co.	Consumer Services
CCIH	Technology
ChinaCache	Technology
International	Technology
Holdings	Technology
Ltd.	Technology
CNET	Technology
ChinaNet	Technology
Online	Technology
Holdings,	Technology
Inc.	Technology
IMOS	Technology
ChipMOS	Technology
TECHNOLOGIES	Technology
(Bermuda)	Technology
LTD.	Technology
CHSCM	unspecified-company
CHS	unspecified-company
Inc	unspecified-company
CHSCN	Consumer Services
CHS	Consumer Services
Inc	Consumer Services
CHSCO	Consumer Services
CHS	Consumer Services
Inc	Consumer Services
CHSCP	Consumer Services
CHS	Consumer Services
Inc	Consumer Services
CHDN	Consumer Services
Churchill	Consumer Services
Downs,	Consumer Services
Incorporated	Consumer Services
CHUY	Consumer Services
Chuy&#39;s	Consumer Services
Holdings,	Consumer Services
Inc.	Consumer Services
CHYR	Miscellaneous
ChyronHego	Miscellaneous
Corporation	Miscellaneous
CIFC	Finance
CIFC	Finance
Corp.	Finance
CMCT	Consumer Services
CIM	Consumer Services
Commercial	Consumer Services
Trust	Consumer Services
Corporation	Consumer Services
CIMT	Technology
Cimatron,	Technology
Limited	Technology
CINF	Finance
Cincinnati	Finance
Financial	Finance
Corporation	Finance
CIDM	Miscellaneous
Cinedigm	Miscellaneous
Corp	Miscellaneous
CTAS	Consumer Non-Durables
Cintas	Consumer Non-Durables
Corporation	Consumer Non-Durables
CRUS	Technology
Cirrus	Technology
Logic,	Technology
Inc.	Technology
CISAW	Finance
CIS	Finance
Acquisition	Finance
Ltd.	Finance
CSCO	Technology
Cisco	Technology
Systems,	Technology
Inc.	Technology
CTRN	Consumer Services
Citi	Consumer Services
Trends,	Consumer Services
Inc.	Consumer Services
CZNC	Finance
Citizens	Finance
&	Finance
Northern	Finance
Corp	Finance
CZWI	Finance
Citizens	Finance
Community	Finance
Bancorp,	Finance
Inc.	Finance
CZFC	Finance
Citizens	Finance
First	Finance
Corporation	Finance
CIZN	Finance
Citizens	Finance
Holding	Finance
Company	Finance
CTXS	Technology
Citrix	Technology
Systems,	Technology
Inc.	Technology
CHCO	Finance
City	Finance
Holding	Finance
Company	Finance
CDTI	Capital Goods
Clean	Capital Goods
Diesel	Capital Goods
Technologies,	Capital Goods
Inc.	Capital Goods
CLNE	Public Utilities
Clean	Public Utilities
Energy	Public Utilities
Fuels	Public Utilities
Corp.	Public Utilities
CLNT	Technology
Cleantech	Technology
Solutions	Technology
International,	Technology
Inc.	Technology
CLFD	Public Utilities
Clearfield,	Public Utilities
Inc.	Public Utilities
CLRO	Public Utilities
ClearOne,	Public Utilities
Inc.	Public Utilities
CLIR	Capital Goods
ClearSign	Capital Goods
Combustion	Capital Goods
Corporation	Capital Goods
CBLI	Health Care
Cleveland	Health Care
BioLabs,	Health Care
Inc.	Health Care
CKSW	Technology
ClickSoftware	Technology
Technologies	Technology
Ltd.	Technology
CSBK	Finance
Clifton	Finance
Bancorp	Finance
Inc.	Finance
CLVS	Health Care
Clovis	Health Care
Oncology,	Health Care
Inc.	Health Care
CMFN	unspecified-company
CM	unspecified-company
Finance	unspecified-company
Inc	unspecified-company
CME	Finance
CME	Finance
Group	Finance
Inc.	Finance
CMSB	Finance
CMS	Finance
Bancorp,	Finance
Inc.	Finance
CCNE	Finance
CNB	Finance
Financial	Finance
Corporation	Finance
CISG	Finance
CNinsure	Finance
Inc.	Finance
CWAY	Finance
Coastway	Finance
Bancorp,	Finance
Inc.	Finance
COBZ	Finance
CoBiz	Finance
Financial	Finance
Inc.	Finance
COKE	Consumer Non-Durables
Coca-Cola	Consumer Non-Durables
Bottling	Consumer Non-Durables
Co.	Consumer Non-Durables
Consolidated	Consumer Non-Durables
CDXS	Basic Industries
Codexis,	Basic Industries
Inc.	Basic Industries
CVLY	Finance
Codorus	Finance
Valley	Finance
Bancorp,	Finance
Inc	Finance
JVA	Consumer Non-Durables
Coffee	Consumer Non-Durables
Holding	Consumer Non-Durables
Co.,	Consumer Non-Durables
Inc.	Consumer Non-Durables
CCOI	Technology
Cogent	Technology
Communications	Technology
Holdings,	Technology
Inc.	Technology
CGNX	Capital Goods
Cognex	Capital Goods
Corporation	Capital Goods
CTSH	Technology
Cognizant	Technology
Technology	Technology
Solutions	Technology
Corporation	Technology
COHR	Capital Goods
Coherent,	Capital Goods
Inc.	Capital Goods
COHU	Capital Goods
Cohu,	Capital Goods
Inc.	Capital Goods
JACQ	Finance
COLLABRIUM	Finance
JAPAN	Finance
ACQUISITION	Finance
CORPORATION	Finance
JACQU	Finance
COLLABRIUM	Finance
JAPAN	Finance
ACQUISITION	Finance
CORPORATION	Finance
JACQW	Finance
COLLABRIUM	Finance
JAPAN	Finance
ACQUISITION	Finance
CORPORATION	Finance
CLRX	Technology
CollabRx,	Technology
Inc.	Technology
CLCT	Miscellaneous
Collectors	Miscellaneous
Universe,	Miscellaneous
Inc.	Miscellaneous
COBK	Finance
Colonial	Finance
Financial	Finance
Services,	Finance
Inc.	Finance
CBAN	Finance
Colony	Finance
Bankcorp,	Finance
Inc.	Finance
COLB	Finance
Columbia	Finance
Banking	Finance
System,	Finance
Inc.	Finance
CBRX	Health Care
Columbia	Health Care
Laboratories,	Health Care
Inc.	Health Care
COLM	Consumer Non-Durables
Columbia	Consumer Non-Durables
Sportswear	Consumer Non-Durables
Company	Consumer Non-Durables
CMCO	Capital Goods
Columbus	Capital Goods
McKinnon	Capital Goods
Corporation	Capital Goods
CBMX	Capital Goods
CombiMatrix	Capital Goods
Corporation	Capital Goods
CMCSA	Consumer Services
Comcast	Consumer Services
Corporation	Consumer Services
CMCSK	Consumer Services
Comcast	Consumer Services
Corporation	Consumer Services
CBSH	Finance
Commerce	Finance
Bancshares,	Finance
Inc.	Finance
CBSHP	Finance
Commerce	Finance
Bancshares,	Finance
Inc.	Finance
CVGI	Capital Goods
Commercial	Capital Goods
Vehicle	Capital Goods
Group,	Capital Goods
Inc.	Capital Goods
COMM	Technology
CommScope	Technology
Holding	Technology
Company,	Technology
Inc.	Technology
JCS	Public Utilities
Communications	Public Utilities
Systems,	Public Utilities
Inc.	Public Utilities
CBIN	Finance
Community	Finance
Bank	Finance
Shares	Finance
of	Finance
Indiana,	Finance
Inc.	Finance
ESXB	Finance
Community	Finance
Bankers	Finance
Trust	Finance
Corporation.	Finance
CYHHZ	Health Care
Community	Health Care
Health	Health Care
Systems,	Health Care
Inc.	Health Care
CTBI	Finance
Community	Finance
Trust	Finance
Bancorp,	Finance
Inc.	Finance
CWBC	Finance
Community	Finance
West	Finance
Bancshares	Finance
COB	Finance
CommunityOne	Finance
Bancorp	Finance
CVLT	Technology
CommVault	Technology
Systems,	Technology
Inc.	Technology
CIZ	unspecified-company
Compass	unspecified-company
EMP	unspecified-company
Developed	unspecified-company
500	unspecified-company
Enhanced	unspecified-company
Volatility	unspecified-company
Weighted	unspecified-company
Index	unspecified-company
E	unspecified-company
CDC	unspecified-company
Compass	unspecified-company
EMP	unspecified-company
U	unspecified-company
S	unspecified-company
EQ	unspecified-company
Income	unspecified-company
100	unspecified-company
Enhanced	unspecified-company
Volatility	unspecified-company
Weighted	unspecified-company
Fun	unspecified-company
CSF	unspecified-company
Compass	unspecified-company
EMP	unspecified-company
U.S.	unspecified-company
Discovery	unspecified-company
500	unspecified-company
Enhanced	unspecified-company
Volatility	unspecified-company
Weighted	unspecified-company
Fu	unspecified-company
CFO	unspecified-company
Compass	unspecified-company
EMP	unspecified-company
US	unspecified-company
500	unspecified-company
Enhanced	unspecified-company
Volatility	unspecified-company
Weighted	unspecified-company
Index	unspecified-company
ETF	unspecified-company
CFA	unspecified-company
Compass	unspecified-company
EMP	unspecified-company
US	unspecified-company
500	unspecified-company
Volatility	unspecified-company
Weighted	unspecified-company
Index	unspecified-company
ETF	unspecified-company
GSJK	Energy
Compressco	Energy
Partners,	Energy
L.P.	Energy
CGEN	Health Care
Compugen	Health Care
Ltd.	Health Care
CPSI	Technology
Computer	Technology
Programs	Technology
and	Technology
Systems,	Technology
Inc.	Technology
CTG	Technology
Computer	Technology
Task	Technology
Group,	Technology
Incorporated	Technology
CPWR	Technology
Compuware	Technology
Corporation	Technology
SCOR	Miscellaneous
comScore,	Miscellaneous
Inc.	Miscellaneous
CHCI	Capital Goods
Comstock	Capital Goods
Holding	Capital Goods
Companies,	Capital Goods
Inc.	Capital Goods
CMTL	Technology
Comtech	Technology
Telecommunications	Technology
Corp.	Technology
CNSI	Miscellaneous
Comverse	Miscellaneous
Inc.	Miscellaneous
CNAT	Health Care
Conatus	Health Care
Pharmaceuticals	Health Care
Inc.	Health Care
CNCE	Health Care
Concert	Health Care
Pharmaceuticals,	Health Care
Inc.	Health Care
CNQR	Technology
Concur	Technology
Technologies,	Technology
Inc.	Technology
CCUR	Technology
Concurrent	Technology
Computer	Technology
Corporation	Technology
CNMD	Health Care
CONMED	Health Care
Corporation	Health Care
CTWS	Public Utilities
Connecticut	Public Utilities
Water	Public Utilities
Service,	Public Utilities
Inc.	Public Utilities
CNOB	unspecified-company
ConnectOne	unspecified-company
Bancorp,	unspecified-company
Inc.	unspecified-company
CONN	Consumer Services
Conn&#39;s,	Consumer Services
Inc.	Consumer Services
CNSL	Public Utilities
Consolidated	Public Utilities
Communications	Public Utilities
Holdings,	Public Utilities
Inc.	Public Utilities
CWCO	Public Utilities
Consolidated	Public Utilities
Water	Public Utilities
Co.	Public Utilities
Ltd.	Public Utilities
CTCT	Technology
Constant	Technology
Contact,	Technology
Inc.	Technology
CPSS	Finance
Consumer	Finance
Portfolio	Finance
Services,	Finance
Inc.	Finance
CFRX	unspecified-company
ContraFect	unspecified-company
Corporation	unspecified-company
CFRXW	unspecified-company
ContraFect	unspecified-company
Corporation	unspecified-company
CFRXZ	unspecified-company
ContraFect	unspecified-company
Corporation	unspecified-company
CTRL	Capital Goods
Control4	Capital Goods
Corporation	Capital Goods
CNVR	Technology
Conversant,	Technology
Inc.	Technology
CPRT	Consumer Durables
Copart,	Consumer Durables
Inc.	Consumer Durables
CORT	Health Care
Corcept	Health Care
Therapeutics	Health Care
Incorporated	Health Care
BVA	unspecified-company
Cordia	unspecified-company
Bancorp	unspecified-company
Inc.	unspecified-company
CORE	Consumer Non-Durables
Core-Mark	Consumer Non-Durables
Holding	Consumer Non-Durables
Company,	Consumer Non-Durables
Inc.	Consumer Non-Durables
COCO	Consumer Services
Corinthian	Consumer Services
Colleges,	Consumer Services
Inc.	Consumer Services
CORI	Health Care
Corium	Health Care
International,	Health Care
Inc.	Health Care
CSOD	Technology
Cornerstone	Technology
OnDemand,	Technology
Inc.	Technology
CNDO	Health Care
Coronado	Health Care
Biosciences,	Health Care
Inc.	Health Care
CRRS	Technology
Corporate	Technology
Resource	Technology
Services,	Technology
Inc.	Technology
CRVL	Finance
CorVel	Finance
Corp.	Finance
COSI	Consumer Services
Cosi,	Consumer Services
Inc.	Consumer Services
CSGP	Miscellaneous
CoStar	Miscellaneous
Group,	Miscellaneous
Inc.	Miscellaneous
COST	Consumer Services
Costco	Consumer Services
Wholesale	Consumer Services
Corporation	Consumer Services
CPAH	Technology
CounterPath	Technology
Corporation	Technology
CRRC	Consumer Services
Courier	Consumer Services
Corporation	Consumer Services
CVTI	Transportation
Covenant	Transportation
Transportation	Transportation
Group,	Transportation
Inc.	Transportation
COVS	Technology
Covisint	Technology
Corporation	Technology
COWN	Finance
Cowen	Finance
Group,	Finance
Inc.	Finance
CRAI	Miscellaneous
CRA	Miscellaneous
International,Inc.	Miscellaneous
CBRL	Consumer Services
Cracker	Consumer Services
Barrel	Consumer Services
Old	Consumer Services
Country	Consumer Services
Store,	Consumer Services
Inc.	Consumer Services
BREW	Consumer Non-Durables
Craft	Consumer Non-Durables
Brew	Consumer Non-Durables
Alliance,	Consumer Non-Durables
Inc.	Consumer Non-Durables
CRAY	Technology
Cray	Technology
Inc	Technology
CACC	Finance
Credit	Finance
Acceptance	Finance
Corporation	Finance
GLDI	Finance
Credit	Finance
Suisse	Finance
AG	Finance
SLVO	Finance
Credit	Finance
Suisse	Finance
Silver	Finance
Shares	Finance
Covered	Finance
Call	Finance
ETN	Finance
CREE	Technology
Cree,	Technology
Inc.	Technology
CRESW	Finance
Cresud	Finance
S.A.C.I.F.	Finance
y	Finance
A.	Finance
CRESY	Finance
Cresud	Finance
S.A.C.I.F.	Finance
y	Finance
A.	Finance
CRTO	Technology
Criteo	Technology
S.A.	Technology
CROX	Consumer Non-Durables
Crocs,	Consumer Non-Durables
Inc.	Consumer Non-Durables
CCRN	Technology
Cross	Technology
Country	Technology
Healthcare,	Technology
Inc.	Technology
CRDS	Technology
Crossroads	Technology
Systems,	Technology
Inc.	Technology
CRWS	Basic Industries
Crown	Basic Industries
Crafts,	Basic Industries
Inc.	Basic Industries
CRWN	Consumer Services
Crown	Consumer Services
Media	Consumer Services
Holdings,	Consumer Services
Inc.	Consumer Services
CSGS	Technology
CSG	Technology
Systems	Technology
International,	Technology
Inc.	Technology
CSPI	Technology
CSP	Technology
Inc.	Technology
CSRE	Technology
CSR	Technology
plc	Technology
CTCM	Consumer Services
CTC	Consumer Services
Media,	Consumer Services
Inc.	Consumer Services
CTIC	Health Care
CTI	Health Care
BioPharma	Health Care
Corp.	Health Care
CTIB	Basic Industries
CTI	Basic Industries
Industries	Basic Industries
Corporation	Basic Industries
CTRP	Miscellaneous
Ctrip.com	Miscellaneous
International,	Miscellaneous
Ltd.	Miscellaneous
CUNB	Finance
CU	Finance
Bancorp	Finance
(CA)	Finance
CBST	Health Care
Cubist	Health Care
Pharmaceuticals,	Health Care
Inc.	Health Care
CBSTZ	Health Care
Cubist	Health Care
Pharmaceuticals,	Health Care
Inc.	Health Care
CUI	Consumer Non-Durables
CUI	Consumer Non-Durables
Global,	Consumer Non-Durables
Inc.	Consumer Non-Durables
CPIX	Health Care
Cumberland	Health Care
Pharmaceuticals	Health Care
Inc.	Health Care
CMLS	Consumer Services
Cumulus	Consumer Services
Media	Consumer Services
Inc.	Consumer Services
CRIS	Health Care
Curis,	Health Care
Inc.	Health Care
CUBI	Finance
Customers	Finance
Bancorp,	Finance
Inc	Finance
CUBIL	Finance
Customers	Finance
Bancorp,	Finance
Inc	Finance
CUTR	Health Care
Cutera,	Health Care
Inc.	Health Care
CVBF	Finance
CVB	Finance
Financial	Finance
Corporation	Finance
CVV	Technology
CVD	Technology
Equipment	Technology
Corporation	Technology
CYAN	Consumer Durables
Cyanotech	Consumer Durables
Corporation	Consumer Durables
CYBR	unspecified-company
CyberArk	unspecified-company
Software	unspecified-company
Ltd.	unspecified-company
CYBX	Health Care
Cyberonics,	Health Care
Inc.	Health Care
CYBE	Capital Goods
CyberOptics	Capital Goods
Corporation	Capital Goods
CYCC	Health Care
Cyclacel	Health Care
Pharmaceuticals,	Health Care
Inc.	Health Care
CYCCP	Health Care
Cyclacel	Health Care
Pharmaceuticals,	Health Care
Inc.	Health Care
CBAY	Health Care
Cymabay	Health Care
Therapeutics	Health Care
Inc.	Health Care
CYNO	Health Care
Cynosure,	Health Care
Inc.	Health Care
CY	Technology
Cypress	Technology
Semiconductor	Technology
Corporation	Technology
CYRN	Consumer Services
CYREN	Consumer Services
Ltd.	Consumer Services
CONE	Consumer Services
CyrusOne	Consumer Services
Inc	Consumer Services
CYTK	Health Care
Cytokinetics,	Health Care
Incorporated	Health Care
CYTX	Health Care
Cytori	Health Care
Therapeutics	Health Care
Inc	Health Care
CYTR	Health Care
CytRx	Health Care
Corporation	Health Care
DAEG	Technology
Daegis	Technology
Inc	Technology
DJCO	Consumer Services
Daily	Consumer Services
Journal	Consumer Services
Corp.	Consumer Services
(S.C.)	Consumer Services
DAKT	Consumer Durables
Daktronics,	Consumer Durables
Inc.	Consumer Durables
DARA	Health Care
DARA	Health Care
Biosciences,	Health Care
Inc.	Health Care
DAIO	Capital Goods
Data	Capital Goods
I/O	Capital Goods
Corporation	Capital Goods
DTLK	Technology
Datalink	Technology
Corporation	Technology
DRAM	Technology
Dataram	Technology
Corporation	Technology
DWCH	Technology
Datawatch	Technology
Corporation	Technology
PLAY	unspecified-company
Dave	unspecified-company
&	unspecified-company
Buster&#39;s	unspecified-company
Entertainment,	unspecified-company
Inc.	unspecified-company
DWSN	Energy
Dawson	Energy
Geophysical	Energy
Company	Energy
TRAK	Technology
Dealertrack	Technology
Technologies,	Technology
Inc.	Technology
DHRM	Health Care
Dehaier	Health Care
Medical	Health Care
Systems	Health Care
Limited	Health Care
DFRG	Consumer Services
Del	Consumer Services
Frisco&#39;s	Consumer Services
Restaurant	Consumer Services
Group,	Consumer Services
Inc.	Consumer Services
DCTH	Health Care
Delcath	Health Care
Systems,	Health Care
Inc.	Health Care
DLIA	Consumer Services
dELIA*s	Consumer Services
Inc.	Consumer Services
DGAS	Public Utilities
Delta	Public Utilities
Natural	Public Utilities
Gas	Public Utilities
Company,	Public Utilities
Inc.	Public Utilities
DNDN	Health Care
Dendreon	Health Care
Corporation	Health Care
DENN	Consumer Services
Denny&#39;s	Consumer Services
Corporation	Consumer Services
XRAY	Health Care
DENTSPLY	Health Care
International	Health Care
Inc.	Health Care
DEPO	Health Care
Depomed,	Health Care
Inc.	Health Care
DSCI	Health Care
Derma	Health Care
Sciences,	Health Care
Inc.	Health Care
DERM	unspecified-company
Dermira,	unspecified-company
Inc.	unspecified-company
DEST	Consumer Services
Destination	Consumer Services
Maternity	Consumer Services
Corporation	Consumer Services
DXLG	Consumer Services
Destination	Consumer Services
XL	Consumer Services
Group,	Consumer Services
Inc.	Consumer Services
DSWL	Consumer Non-Durables
Deswell	Consumer Non-Durables
Industries,	Consumer Non-Durables
Inc.	Consumer Non-Durables
DXM	Consumer Services
Dex	Consumer Services
Media,	Consumer Services
Inc.	Consumer Services
DXCM	Health Care
DexCom,	Health Care
Inc.	Health Care
DMND	Consumer Non-Durables
Diamond	Consumer Non-Durables
Foods,	Consumer Non-Durables
Inc.	Consumer Non-Durables
DHIL	Finance
Diamond	Finance
Hill	Finance
Investment	Finance
Group,	Finance
Inc.	Finance
FANG	Energy
Diamondback	Energy
Energy,	Energy
Inc.	Energy
DCIX	Transportation
Diana	Transportation
Containerships	Transportation
Inc.	Transportation
DRNA	Health Care
Dicerna	Health Care
Pharmaceuticals,	Health Care
Inc.	Health Care
DGII	Technology
Digi	Technology
International	Technology
Inc.	Technology
DMRC	Technology
Digimarc	Technology
Corporation	Technology
DRAD	Health Care
Digirad	Health Care
Corporation	Health Care
DGLY	Technology
Digital	Technology
Ally,	Technology
Inc.	Technology
DRIV	Technology
Digital	Technology
River,	Technology
Inc.	Technology
DCOM	Finance
Dime	Finance
Community	Finance
Bancshares,	Finance
Inc.	Finance
DIOD	Technology
Diodes	Technology
Incorporated	Technology
DPRX	Health Care
Dipexium	Health Care
Pharmaceuticals,	Health Care
Inc.	Health Care
DTV	Consumer Services
DIRECTV	Consumer Services
DISCA	Consumer Services
Discovery	Consumer Services
Communications,	Consumer Services
Inc.	Consumer Services
DISCB	Consumer Services
Discovery	Consumer Services
Communications,	Consumer Services
Inc.	Consumer Services
DISCK	Consumer Services
Discovery	Consumer Services
Communications,	Consumer Services
Inc.	Consumer Services
DSCO	Health Care
Discovery	Health Care
Laboratories,	Health Care
Inc.	Health Care
DISH	Consumer Services
DISH	Consumer Services
Network	Consumer Services
Corporation	Consumer Services
DVCR	Health Care
Diversicare	Health Care
Healthcare	Health Care
Services	Health Care
Inc.	Health Care
BAGR	Consumer Services
Diversified	Consumer Services
Restaurant	Consumer Services
Holdings,	Consumer Services
Inc.	Consumer Services
DLHC	Technology
DLH	Technology
Holdings	Technology
Corp.	Technology
DNBF	Finance
DNB	Finance
Financial	Finance
Corp	Finance
DLTR	Consumer Services
Dollar	Consumer Services
Tree,	Consumer Services
Inc.	Consumer Services
DGICA	Finance
Donegal	Finance
Group,	Finance
Inc.	Finance
DGICB	Finance
Donegal	Finance
Group,	Finance
Inc.	Finance
DMLP	Energy
Dorchester	Energy
Minerals,	Energy
L.P.	Energy
DORM	Capital Goods
Dorman	Capital Goods
Products,	Capital Goods
Inc.	Capital Goods
HILL	Technology
Dot	Technology
Hill	Technology
Systems	Technology
Corporation	Technology
