SODIUM BICARBONATE	substance
GADOPENTETATE DIMEGLUMINE	substance
RILUZOLE	substance
PILOCARPINE HYDROCHLORIDE	substance
STANOZOLOL	substance
NEOMYCIN SULFATE	substance
HYDROXYCHLOROQUINE SULFATE	substance
ERTAPENEM SODIUM	substance
VINORELBINE TARTRATE	substance
AFATINIB DIMALEATE	substance
TECHNETIUM TC-99M ALBUMIN MICROSPHERES KIT	substance
RANIBIZUMAB	substance
RASAGILINE MESYLATE	substance
TRIMETHOPRIM SULFATE	substance
IFOSFAMIDE	substance
BEPRIDIL HYDROCHLORIDE	substance
ESTROGENS, CONJUGATED	substance
TILUDRONATE DISODIUM	substance
DEXTROMETHORPHAN HYDROBROMIDE	substance
RIVASTIGMINE TARTRATE	substance
DARBEPOETIN ALFA	substance
PHYTONADIONE	substance
CANDICIDIN	substance
LUMEFANTRINE	substance
RAMUCIRUMAB	substance
AMLODIPINE MALEATE	substance
FLUOCINOLONE ACETONIDE	substance
SINECATECHINS	substance
ALBUTEROL SULFATE	substance
SUCROFERRIC OXYHYDROXIDE	substance
VIOMYCIN SULFATE	substance
TRIHEXYPHENIDYL HYDROCHLORIDE	substance
PERMETHRIN	substance
OXPRENOLOL HYDROCHLORIDE	substance
SERTRALINE HYDROCHLORIDE	substance
GEMFIBROZIL	substance
FOSPHENYTOIN SODIUM	substance
LATANOPROST	substance
DEXBROMPHENIRAMINE MALEATE	substance
ETOMIDATE	substance
METOCURINE IODIDE	substance
SODIUM SULFATE ANHYDROUS	substance
MANGAFODIPIR TRISODIUM	substance
DULOXETINE HYDROCHLORIDE	substance
LENALIDOMIDE	substance
ALCOHOL	substance
PREDNICARBATE	substance
EZETIMIBE	substance
OMEGA-3-ACID ETHYL ESTERS	substance
MICRONIZED	substance
LANREOTIDE ACETATE	substance
EPROSARTAN MESYLATE	substance
CINACALCET HYDROCHLORIDE	substance
MEMANTINE HYDROCHLORIDE	substance
DOPAMINE HYDROCHLORIDE	substance
HEXAMINOLEVULINATE HYDROCHLORIDE	substance
CITRIC ACID	substance
VECURONIUM BROMIDE	substance
LOSARTAN POTASSIUM	substance
CEFOTAXIME SODIUM	substance
GADOVERSETAMIDE	substance
ALGLUCERASE	substance
CEFAMANDOLE NAFATE	substance
FLUPHENAZINE ENANTHATE	substance
METHAMPHETAMINE HYDROCHLORIDE	substance
LINACLOTIDE	substance
BETAXOLOL HYDROCHLORIDE	substance
SIMETHICONE-CELLULOSE	substance
DIFLUNISAL	substance
OMEPRAZOLE MAGNESIUM	substance
NORETHINDRONE ACETATE	substance
VERTEPORFIN	substance
DAPTOMYCIN	substance
MAGNESIUM SULFATE ANHYDROUS	substance
LACTIC ACID	substance
DALFOPRISTIN	substance
MENTHOL	substance
PRESERVATIVE FREE	substance
STREPTOKINASE	substance
ROMIDEPSIN	substance
CHLORPROTHIXENE	substance
ANTAZOLINE PHOSPHATE	substance
NABUMETONE	substance
CHLORAMPHENICOL PALMITATE	substance
TRIOXSALEN	substance
PENICILLIN G PROCAINE	substance
GUANIDINE HYDROCHLORIDE	substance
SEVOFLURANE	substance
RUFINAMIDE	substance
PHENINDIONE	substance
TALBUTAL	substance
PROCHLORPERAZINE EDISYLATE	substance
TECHNETIUM TC-99M DEPREOTIDE	substance
OXYTETRACYCLINE CALCIUM	substance
URSODIOL	substance
VASOPRESSIN TANNATE	substance
IRINOTECAN HYDROCHLORIDE	substance
LORACARBEF	substance
PRUSSIAN BLUE	substance
INSULIN LISPRO RECOMBINANT	substance
DALBAVANCIN HYDROCHLORIDE	substance
CYCLOPHOSPHAMIDE	substance
DANTROLENE SODIUM	substance
SODIUM PHOSPHATE, DIBASIC ANHYDROUS	substance
NISOLDIPINE	substance
MESNA	substance
ETHANOLAMINE OLEATE	substance
PERGOLIDE MESYLATE	substance
SULCONAZOLE NITRATE	substance
AMINOCAPROIC ACID	substance
BUTORPHANOL TARTRATE	substance
NANDROLONE PHENPROPIONATE	substance
SODIUM PHOSPHATE, DIBASIC, ANHYDROUS	substance
TRIAMTERENE	substance
TEGASEROD MALEATE	substance
TACROLIMUS	substance
PHENYLEPHRINE BITARTRATE	substance
LETROZOLE	substance
PROPANTHELINE BROMIDE	substance
RIFAXIMIN	substance
ASENAPINE MALEATE	substance
DESLANOSIDE	substance
PHENPROCOUMON	substance
TRAMETINIB DIMETHYL SULFOXIDE	substance
AMPICILLIN/AMPICILLIN TRIHYDRATE	substance
IODINE I 131 TOSITUMOMAB	substance
MALATHION	substance
USTEKINUMAB	substance
PREMARIN	substance
HEXOCYCLIUM METHYLSULFATE	substance
CEPHAPIRIN SODIUM	substance
TALIGLUCERASE ALFA	substance
RALTEGRAVIR POTASSIUM	substance
IOBENGUANE SULFATE I-123	substance
FROVATRIPTAN SUCCINATE	substance
CEFDINIR	substance
ESOMEPRAZOLE MAGNESIUM	substance
CLINDAMYCIN PALMITATE HYDROCHLORIDE	substance
IPODATE CALCIUM	substance
PROTIRELIN	substance
CLOMIPHENE CITRATE	substance
NANDROLONE DECANOATE	substance
DICLOFENAC EPOLAMINE	substance
INTERFERON GAMMA-1B	substance
CAPROMAB PENDETIDE	substance
TOLCAPONE	substance
ARBUTAMINE HYDROCHLORIDE	substance
QUINIDINE SULFATE	substance
DYCLONINE HYDROCHLORIDE	substance
RAMIPRIL	substance
GABAPENTIN ENACARBIL	substance
IOTROLAN	substance
DEXCHLORPHENIRAMINE MALEATE	substance
DEXTROSE	substance
HYDROXYPROGESTERONE CAPROATE	substance
ACETAZOLAMIDE	substance
ALITRETINOIN	substance
CHLOPHEDIANOL HYDROCHLORIDE	substance
NITROFURANTOIN SODIUM	substance
CEFPROZIL	substance
POMALIDOMIDE	substance
TOBRAMYCIN SULFATE	substance
CISPLATIN	substance
AZATHIOPRINE	substance
SOTALOL HYDROCHLORIDE	substance
TECHNETIUM TC-99M MEDRONATE KIT	substance
NIMODIPINE	substance
DICYCLOMINE HYDROCHLORIDE	substance
TECHNETIUM TC-99M PYRO/TRIMETA PHOSPHATES KIT	substance
ZALCITABINE	substance
CARVEDILOL	substance
LACOSAMIDE	substance
TOREMIFENE CITRATE	substance
LOMITAPIDE MESYLATE	substance
SODIUM FLUORIDE	substance
PROPAFENONE HYDROCHLORIDE	substance
ACETOHEXAMIDE	substance
BUPIVACAINE	substance
ADALIMUMAB	substance
PEMBROLIZUMAB	substance
PALIVIZUMAB	substance
TRAZODONE HYDROCHLORIDE	substance
TELBIVUDINE	substance
TENOFOVIR DISOPROXIL FUMARATE	substance
ESOMEPRAZOLE SODIUM	substance
BETHANECHOL CHLORIDE	substance
IODIPAMIDE MEGLUMINE	substance
ORLISTAT	substance
ALMOTRIPTAN MALATE	substance
ICODEXTRIN	substance
IMATINIB MESYLATE	substance
METOPROLOL SUCCINATE	substance
PENICILLIN G POTASSIUM	substance
SEVELAMER HYDROCHLORIDE	substance
SARGRAMOSTIM	substance
PROGUANIL HYDROCHLORIDE	substance
ISOPROPYL ALCOHOL	substance
PYRITHIONE ZINC	substance
PEGVISOMANT	substance
EMEDASTINE DIFUMARATE	substance
OXAZEPAM	substance
CRYPTENAMINE TANNATES	substance
ENALAPRILAT	substance
DORIPENEM	substance
IOHEXOL	substance
REPAGLINIDE	substance
PROTEIN HYDROLYSATE	substance
LUTROPIN ALFA	substance
TECHNETIUM TC-99M SESTAMIBI KIT	substance
ETOPOSIDE PHOSPHATE	substance
POTASSIUM PHOSPHATE, MONOBASIC	substance
CYCRIMINE HYDROCHLORIDE	substance
SODIUM FERRIC GLUCONATE COMPLEX	substance
GREPAFLOXACIN HYDROCHLORIDE	substance
METYROSINE	substance
MECLOFENAMATE SODIUM	substance
THALLOUS CHLORIDE TL-201	substance
CHENODIOL	substance
SOMATROPIN [rDNA origin]	substance
NESIRITIDE RECOMBINANT	substance
MAGNESIUM SULFATE	substance
CALFACTANT	substance
TECHNETIUM TC-99M ALBUMIN KIT	substance
LORATADINE	substance
LOPERAMIDE HYDROCHLORIDE	substance
MOXALACTAM DISODIUM	substance
METHIMAZOLE	substance
INDIUM IN-111 PENTETATE DISODIUM	substance
DICLOXACILLIN SODIUM	substance
NITROFURANTOIN	substance
LEVETIRACETAM	substance
THIOTEPA	substance
EPTIFIBATIDE	substance
MORPHINE SULFATE	substance
PERFLUBRON	substance
CHLOROTHIAZIDE SODIUM	substance
K	substance
ZILEUTON	substance
NITAZOXANIDE	substance
ROSIGLITAZONE MALEATE	substance
AMMONIUM CHLORIDE	substance
DINOPROST TROMETHAMINE	substance
FERROUS CITRATE, FE-59	substance
PENTAZOCINE LACTATE	substance
ALUMINUM ACETATE	substance
ACEBUTOLOL HYDROCHLORIDE	substance
ZALEPLON	substance
QUINIDINE GLUCONATE	substance
MAGNESIUM CHLORIDE	substance
TERBINAFINE	substance
ATRACURIUM BESYLATE	substance
CHLORAMBUCIL	substance
OCTOCRYLENE	substance
FOR WOMEN	substance
IBUPROFEN	substance
TIOTROPIUM BROMIDE MONOHYDRATE	substance
FLUOXETINE HYDROCHLORIDE	substance
LOXAPINE	substance
OLANZAPINE	substance
ROTIGOTINE	substance
TIMOLOL	substance
BRETYLIUM TOSYLATE	substance
PHARMACY BULK	substance
TRETINOIN	substance
PARAMETHASONE ACETATE	substance
BETAINE HYDROCHLORIDE	substance
MAGNESIUM HYDROXIDE	substance
COLFOSCERIL PALMITATE	substance
TACRINE HYDROCHLORIDE	substance
ARDEPARIN SODIUM	substance
ISOSORBIDE DINITRATE	substance
PSEUDOEPHEDRINE POLISTIREX	substance
LITHIUM CARBONATE	substance
SODIUM ASCORBATE	substance
CALCIUM METRIZOATE	substance
ECONAZOLE NITRATE	substance
SPECTINOMYCIN HYDROCHLORIDE	substance
BISOPROLOL FUMARATE	substance
SUCCIMER	substance
TRIAMCINOLONE DIACETATE	substance
IRON SUCROSE	substance
SULFOXONE SODIUM	substance
ALPHA-TOCOPHEROL ACETATE	substance
DESONIDE	substance
INTERFERON ALFA-2A	substance
LAPYRIUM CHLORIDE	substance
SERMORELIN ACETATE	substance
FLUPHENAZINE DECANOATE	substance
ALPROSTADIL	substance
BETAMETHASONE VALERATE	substance
GADODIAMIDE	substance
LAPATINIB DITOSYLATE	substance
TECHNETIUM TC-99M ETIDRONATE KIT	substance
METHYLPHENIDATE HYDROCHLORIDE	substance
ALBUMIN IODINATED I-125 SERUM	substance
GALLIUM CITRATE GA-67	substance
ATOMOXETINE HYDROCHLORIDE	substance
DOLUTEGRAVIR SODIUM	substance
DRONABINOL	substance
SITAGLIPTIN PHOSPHATE	substance
METHOTREXATE SODIUM	substance
BUDESONIDE	substance
AVANAFIL	substance
SELEGILINE	substance
CLADRIBINE	substance
EMPAGLIFLOZIN	substance
ARGININE HYDROCHLORIDE	substance
PHENYTOIN	substance
DEXAMETHASONE SODIUM PHOSPHATE	substance
TRIMETHOPRIM	substance
TRIFLUPROMAZINE HYDROCHLORIDE	substance
PIPERACILLIN SODIUM	substance
DROPERIDOL	substance
IPODATE SODIUM	substance
PROPYLTHIOURACIL	substance
NIACINAMIDE	substance
SODIUM MONOFLUOROPHOSPHATE	substance
RANITIDINE	substance
GOLIMUMAB	substance
MAFENIDE ACETATE	substance
DOXEPIN HYDROCHLORIDE	substance
TRIAMCINOLONE	substance
ENFLURANE	substance
ACETOHYDROXAMIC ACID	substance
DROSPIRENONE	substance
CLOMIPRAMINE HYDROCHLORIDE	substance
MEPIVACAINE HYDROCHLORIDE	substance
OSELTAMIVIR PHOSPHATE	substance
SULFISOXAZOLE ACETYL	substance
CLOZAPINE	substance
LEVOFLOXACIN	substance
ETHINAMATE	substance
FLUVOXAMINE MALEATE	substance
NADOLOL	substance
SODIUM THIOSULFATE	substance
INVERT SUGAR	substance
DECITABINE	substance
POTASSIUM CITRATE	substance
ISOPROTERENOL SULFATE	substance
IODOHIPPURATE SODIUM I-131	substance
LAMOTRIGINE	substance
CODEINE SULFATE	substance
CYANOCOBALAMIN CO-60	substance
FINGOLIMOD	substance
ISOSULFAN BLUE	substance
BENTIROMIDE	substance
OSPEMIFENE	substance
TAFLUPROST	substance
TELMISARTAN	substance
ESTROGENS, CONJUGATED SYNTHETIC A	substance
LEVONORGESTREL	substance
CEFACLOR	substance
BEXAROTENE	substance
BUSULFAN	substance
HEXAFLUORENIUM BROMIDE	substance
IOPANOIC ACID	substance
DYDROGESTERONE	substance
PANTOPRAZOLE SODIUM	substance
PARAMETHADIONE	substance
MEDROXYPROGESTERONE ACETATE	substance
ISONIAZID	substance
SODIUM CHROMATE CR-51	substance
PREDNISOLONE SODIUM PHOSPHATE	substance
CEFTAZIDIME	substance
ALISKIREN HEMIFUMARATE	substance
EPINASTINE HYDROCHLORIDE	substance
MYCOPHENOLATE MOFETIL HYDROCHLORIDE	substance
MENADIOL SODIUM DIPHOSPHATE	substance
AMPHETAMINE RESIN COMPLEX	substance
MINOXIDIL	substance
PROMAZINE HYDROCHLORIDE	substance
TRIMETHAPHAN CAMSYLATE	substance
DIPHENHYDRAMINE CITRATE	substance
CHOLECALCIFEROL	substance
HALOPERIDOL LACTATE	substance
GLYCERIN	substance
CAPECITABINE	substance
ISRADIPINE	substance
FOSCARNET SODIUM	substance
INSULIN ZINC SUSP PURIFIED BEEF	substance
NATALIZUMAB	substance
PORK	substance
PANITUMUMAB	substance
CALCIUM CARBONATE	substance
PERFLUOROPOLYMETHYLISOPROPYL ETHER	substance
MAGNESIUM ACETATE TETRAHYDRATE	substance
RIOCIGUAT	substance
NILUTAMIDE	substance
MEBUTAMATE	substance
INDECAINIDE HYDROCHLORIDE	substance
DULAGLUTIDE	substance
FENTANYL HYDROCHLORIDE	substance
IBUTILIDE FUMARATE	substance
GONADORELIN ACETATE	substance
PENTOSTATIN	substance
VALSARTAN	substance
COBALT CHLORIDE CO-60	substance
UROFOLLITROPIN	substance
BLEOMYCIN SULFATE	substance
DILTIAZEM HYDROCHLORIDE	substance
CISATRACURIUM BESYLATE	substance
PREDNISOLONE TEBUTATE	substance
TAPENTADOL HYDROCHLORIDE	substance
METHSUXIMIDE	substance
INDAPAMIDE	substance
INFLIXIMAB	substance
ESTRADIOL	substance
TROSPIUM CHLORIDE	substance
LEDIPASVIR	substance
CEFTRIAXONE SODIUM	substance
POLYTETRAFLUOROETHYLENE	substance
MELPHALAN HYDROCHLORIDE	substance
ZIPRASIDONE HYDROCHLORIDE	substance
BEPOTASTINE BESILATE	substance
DEXAMETHASONE ACETATE	substance
EPINEPHRINE HYDROCHLORIDE	substance
FLUOCINONIDE	substance
BETAMETHASONE BENZOATE	substance
AMMONIUM LACTATE	substance
TECHNETIUM TC-99M RED BLOOD CELL KIT	substance
LEVALLORPHAN TARTRATE	substance
FERUMOXIDES	substance
TRICLOFOS SODIUM	substance
PACLITAXEL	substance
NAFARELIN ACETATE	substance
EPIRUBICIN HYDROCHLORIDE	substance
CYANOCOBALAMIN CO-57	substance
PLICAMYCIN	substance
SAPROPTERIN DIHYDROCHLORIDE	substance
METAXALONE	substance
ECHOTHIOPHATE IODIDE	substance
99m Tc FANOLESOMAB	substance
CERIVASTATIN SODIUM	substance
FLUORESCEIN SODIUM	substance
OXIGLUTATIONE	substance
POLYMYXIN B SULFATE	substance
DESERPIDINE	substance
ROSUVASTATIN CALCIUM	substance
TETRACYCLINE PHOSPHATE COMPLEX	substance
incobotulinumtoxinA	substance
ZICONOTIDE ACETATE	substance
COLESEVELAM HYDROCHLORIDE	substance
RAPACURONIUM BROMIDE	substance
MASOPROCOL	substance
BAZEDOXIFENE ACETATE	substance
FLUOROURACIL	substance
CEFUROXIME SODIUM	substance
METHACYCLINE HYDROCHLORIDE	substance
ELETRIPTAN HYDROBROMIDE	substance
ETHIODIZED OIL	substance
SULFAMETHIZOLE	substance
TELAVANCIN	substance
WARFARIN POTASSIUM	substance
ZIPRASIDONE MESYLATE	substance
MESORIDAZINE BESYLATE	substance
VINBLASTINE SULFATE	substance
NEBIVOLOL HYDROCHLORIDE	substance
NATEGLINIDE	substance
PROCAINAMIDE HYDROCHLORIDE	substance
METRIZOATE MAGNESIUM	substance
BETAMETHASONE ACETATE	substance
FLAVOXATE HYDROCHLORIDE	substance
BACITRACIN ZINC	substance
OMALIZUMAB	substance
VENLAFAXINE HYDROCHLORIDE	substance
POLIDOCANOL	substance
INTRINSIC FACTOR	substance
TERIPARATIDE RECOMBINANT HUMAN	substance
TIGECYCLINE	substance
PRASUGREL HYDROCHLORIDE	substance
SODIUM BENZOATE	substance
CANAKINUMAB	substance
INGENOL MEBUTATE	substance
PENTAZOCINE HYDROCHLORIDE	substance
SUNITINIB MALATE	substance
ACETAZOLAMIDE SODIUM	substance
OXYBUTYNIN CHLORIDE	substance
CHOLESTYRAMINE	substance
CHROMIC CHLORIDE	substance
CAPSAICIN	substance
CYCLOSPORINE	substance
HYDROCORTISONE VALERATE	substance
THIAMINE HYDROCHLORIDE	substance
GUANFACINE HYDROCHLORIDE	substance
MEBENDAZOLE	substance
DIRITHROMYCIN	substance
PRESERVATIVE-FREE	substance
RIFAPENTINE	substance
IODIPAMIDE SODIUM	substance
ETHACRYNIC ACID	substance
METHYCLOTHIAZIDE	substance
GRANISETRON HYDROCHLORIDE	substance
MESALAMINE	substance
MENADIONE	substance
DABIGATRAN ETEXILATE MESYLATE	substance
DOXYCYCLINE	substance
ATENOLOL	substance
ALTRETAMINE	substance
LYOPHILIZED	substance
METOPROLOL FUMARATE	substance
METRONIDAZOLE HYDROCHLORIDE	substance
BUPRENORPHINE HYDROCHLORIDE	substance
SUPROFEN	substance
FELODIPINE	substance
CHLOROTRIANISENE	substance
PENTETATE ZINC TRISODIUM	substance
INSULIN RECOMBINANT PURIFIED HUMAN	substance
SULFADIAZINE SODIUM	substance
DAPSONE	substance
EMTRICITABINE	substance
NELARABINE	substance
SODIUM LACTATE	substance
COLCHICINE	substance
POSACONAZOLE	substance
CHLOROQUINE HYDROCHLORIDE	substance
PROPYLIODONE	substance
DILTIAZEM MALATE	substance
IDOXURIDINE	substance
asparaginase Erwinia chrysanthemi	substance
LOXAPINE HYDROCHLORIDE	substance
BRINZOLAMIDE	substance
KETOPROFEN	substance
CHLOROTHIAZIDE	substance
ERYTHROMYCIN GLUCEPTATE	substance
PENCICLOVIR SODIUM	substance
RABEPRAZOLE SODIUM	substance
NEFAZODONE HYDROCHLORIDE	substance
DORZOLAMIDE HYDROCHLORIDE	substance
METHYLPREDNISOLONE SODIUM SUCCINATE	substance
ARSENIC TRIOXIDE	substance
DAPIPRAZOLE HYDROCHLORIDE	substance
ALFUZOSIN HYDROCHLORIDE	substance
PIOGLITAZONE HYDROCHLORIDE	substance
PHARMACY BULK PACKAGE	substance
PIPOBROMAN	substance
NAPHAZOLINE HYDROCHLORIDE	substance
CARBAMAZEPINE	substance
NITROFURAZONE	substance
MEFLOQUINE HYDROCHLORIDE	substance
GADOTERATE MEGLUMINE	substance
CHORIOGONADOTROPIN ALFA	substance
GLUCAGON RECOMBINANT	substance
Lamivudine	substance
FAMCICLOVIR	substance
POTASSIUM AMINOSALICYLATE	substance
TECHNETIUM TC-99M SODIUM PERTECHNETATE	substance
LEVAMISOLE HYDROCHLORIDE	substance
EFALIZUMAB	substance
LANSOPRAZOLE	substance
TECHNETIUM TC-99M SUCCIMER KIT	substance
CEFDITOREN PIVOXIL	substance
HYALURONIDASE	substance
APRACLONIDINE HYDROCHLORIDE	substance
RETAPAMULIN	substance
CETUXIMAB	substance
PAZOPANIB HYDROCHLORIDE	substance
GLUTATHIONE DISULFIDE	substance
HYDROXOCOBALAMIN	substance
GRAMICIDIN	substance
TECHNETIUM TC-99M TETROFOSMIN KIT	substance
PEGFILGRASTIM	substance
TECHNETIUM TC-99M POLYPHOSPHATE KIT	substance
FOMIVIRSEN SODIUM	substance
RANITIDINE BISMUTH CITRATE	substance
ACLIDINIUM BROMIDE	substance
MECLOCYCLINE SULFOSALICYLATE	substance
OPRELVEKIN	substance
FOSFOMYCIN TROMETHAMINE	substance
TRIENTINE HYDROCHLORIDE	substance
ACRIVASTINE	substance
SINCALIDE	substance
GLYCOPYRROLATE	substance
ESTRADIOL ACETATE	substance
ERIBULIN MESYLATE	substance
ALSEROXYLON	substance
FILGRASTIM	substance
THIAMINE	substance
METHOCARBAMOL	substance
ALLOPURINOL	substance
PROBUCOL	substance
DISOPYRAMIDE PHOSPHATE	substance
CODEINE POLISTIREX	substance
MERCAPTOPURINE	substance
ETANERCEPT	substance
AMINOSALICYLATE SODIUM	substance
ETRETINATE	substance
VIGABATRIN	substance
RANOLAZINE	substance
CLOBAZAM	substance
NICOTINE POLACRILEX	substance
ENTECAVIR	substance
TESTOSTERONE PROPIONATE	substance
MAGNESIUM ACETATE	substance
QUAZEPAM	substance
EPLERENONE	substance
TECHNETIUM TC-99M SODIUM PERTECHNETATE GENERATOR	substance
CEFPIRAMIDE SODIUM	substance
RASBURICASE	substance
TALC	substance
MEPHENTERMINE SULFATE	substance
SODIUM PHOSPHATE, DIBASIC, HEPTAHYDRATE	substance
PHENTERMINE RESIN COMPLEX	substance
GRISEOFULVIN, ULTRAMICROCRYSTALLINE	substance
NOREPINEPHRINE BITARTRATE	substance
ALDESLEUKIN	substance
PYRIDOSTIGMINE BROMIDE	substance
OXANDROLONE	substance
AURANOFIN	substance
HALOPERIDOL	substance
DOXYLAMINE SUCCINATE	substance
CROMOLYN SODIUM	substance
SULFISOXAZOLE DIOLAMINE	substance
CHLORTHALIDONE	substance
BELATACEPT	substance
TECHNETIUM TC-99M SULFUR COLLOID	substance
TRIMETREXATE GLUCURONATE	substance
SODIUM PHOSPHATE P-32	substance
NORETHINDRONE	substance
LEUPROLIDE ACETATE	substance
CIMETIDINE HYDROCHLORIDE	substance
CEFTIBUTEN DIHYDRATE	substance
BERACTANT	substance
PHENSUXIMIDE	substance
METHYLTESTOSTERONE	substance
RANITIDINE HYDROCHLORIDE	substance
QUINUPRISTIN	substance
AZTREONAM	substance
CEFAZOLIN SODIUM	substance
PLERIXAFOR	substance
LIPOSOMAL	substance
FLUMAZENIL	substance
NONOXYNOL-9	substance
CHLORPHENIRAMINE MALEATE	substance
ESOMEPRAZOLE STRONTIUM	substance
DIETHYLPROPION HYDROCHLORIDE	substance
SODIUM POLYSTYRENE SULFONATE	substance
AMINOGLUTETHIMIDE	substance
AMPHETAMINE ASPARTATE	substance
ATROPINE	substance
BUTABARBITAL SODIUM	substance
LIOTRIX	substance
TAVABOROLE	substance
AMILORIDE HYDROCHLORIDE	substance
TOLVAPTAN	substance
QUINESTROL	substance
CETYL ALCOHOL	substance
PANCRELIPASE	substance
CARBENICILLIN INDANYL SODIUM	substance
CEFTAROLINE FOSAMIL	substance
AMINOHIPPURATE SODIUM	substance
TRIMETHADIONE	substance
TEDIZOLID PHOSPHATE	substance
TETRAHYDROZOLINE HYDROCHLORIDE	substance
VALRUBICIN	substance
LABETALOL HYDROCHLORIDE	substance
AFLIBERCEPT	substance
LORAZEPAM	substance
ALGLUCOSIDASE ALFA	substance
THEOPHYLLINE	substance
ESTRADIOL CYPIONATE	substance
CARBOPLATIN	substance
OXYPHENBUTAZONE	substance
PHENYTOIN SODIUM	substance
DEXMETHYLPHENIDATE HYDROCHLORIDE	substance
TRIAZOLAM	substance
HEPARIN SODIUM	substance
MEGLUMINE	substance
GADOTERIDOL	substance
DEXTROAMPHETAMINE RESIN COMPLEX	substance
POTASSIUM IODIDE	substance
FLUPREDNISOLONE	substance
CHYMOPAPAIN	substance
GLUCAGON HYDROCHLORIDE	substance
LOMEFLOXACIN HYDROCHLORIDE	substance
PHENACEMIDE	substance
PRAMIPEXOLE DIHYDROCHLORIDE	substance
GUANETHIDINE MONOSULFATE	substance
DIMYRISTOYL LECITHIN	substance
PALIFERMIN	substance
CORTISONE ACETATE	substance
DACTINOMYCIN	substance
RITODRINE HYDROCHLORIDE	substance
TECHNETIUM TC-99M SULFUR COLLOID KIT	substance
FENTANYL CITRATE	substance
IBANDRONATE SODIUM	substance
ACRISORCIN	substance
AMMONIA N-13	substance
IOCETAMIC ACID	substance
AMODIAQUINE HYDROCHLORIDE	substance
UROKINASE	substance
METRELEPTIN	substance
KANAMYCIN SULFATE	substance
10/11	substance
FERUMOXSIL	substance
ACETRIZOATE SODIUM	substance
CORTICOTROPIN-ZINC HYDROXIDE	substance
KETOTIFEN FUMARATE	substance
HYDROCORTISONE	substance
DICLOFENAC SODIUM	substance
RITONAVIR	substance
SELEGILINE HYDROCHLORIDE	substance
CEVIMELINE HYDROCHLORIDE	substance
CAPREOMYCIN SULFATE	substance
PYRIDOXINE	substance
OLSALAZINE SODIUM	substance
CALCITONIN SALMON RECOMBINANT	substance
MICAFUNGIN SODIUM	substance
DROTRECOGIN ALFA	substance
TECHNETIUM TC-99M DISOFENIN KIT	substance
OXTRIPHYLLINE	substance
LOTEPREDNOL ETABONATE	substance
MYCOPHENOLIC ACID	substance
LEVOPROPOXYPHENE NAPSYLATE ANHYDROUS	substance
HYDROCHLOROTHIAZIDE	substance
PENTOXIFYLLINE	substance
INDIUM IN-111 CHLORIDE	substance
FLOXURIDINE	substance
METRONIDAZOLE	substance
VALGANCICLOVIR	substance
BECAPLERMIN	substance
CHLORAMPHENICOL SODIUM SUCCINATE	substance
MARAVIROC	substance
HYDROCORTISONE PROBUTATE	substance
CLEVIDIPINE	substance
SULFISOXAZOLE	substance
IOXAGLATE SODIUM	substance
BROMODIPHENHYDRAMINE HYDROCHLORIDE	substance
HALF-STRENGTH	substance
UNOPROSTONE ISOPROPYL	substance
INSULIN PURIFIED PORK	substance
GADOBUTROL	substance
GONADOTROPIN, CHORIONIC	substance
ETONOGESTREL	substance
PILOCARPINE	substance
CALCIPOTRIENE	substance
APREMILAST	substance
BIPERIDEN HYDROCHLORIDE	substance
DESLORATADINE	substance
FIBRINOLYSIN	substance
COSYNTROPIN	substance
RUBIDIUM CHLORIDE RB-82	substance
HEXACHLOROPHENE	substance
ETHYLESTRENOL	substance
NALMEFENE HYDROCHLORIDE	substance
SIBUTRAMINE HYDROCHLORIDE	substance
INSULIN ZINC SUSP EXTENDED BEEF	substance
THIORIDAZINE	substance
CALCITONIN HUMAN	substance
ADEFOVIR DIPIVOXIL	substance
DORNASE ALFA	substance
GENTIAN VIOLET	substance
BENZYL BENZOATE	substance
DEMECARIUM BROMIDE	substance
TYROPANOATE SODIUM	substance
CABOZANTINIB S-MALATE	substance
PEMETREXED	substance
IXABEPILONE	substance
POLYTHIAZIDE	substance
INULIN	substance
DESOXIMETASONE	substance
CHLORDIAZEPOXIDE	substance
ABCIXIMAB	substance
DEXTROAMPHETAMINE ADIPATE	substance
ZIDOVUDINE	substance
DONEPEZIL HYDROCHLORIDE	substance
CUPRIC SULFATE	substance
TENOFOVIR	substance
EVEROLIMUS	substance
CILOSTAZOL	substance
TICLOPIDINE HYDROCHLORIDE	substance
CLOPIDOGREL	substance
MAGNESIUM CARBONATE	substance
NEDOCROMIL SODIUM	substance
TAMOXIFEN CITRATE	substance
RIFABUTIN	substance
LOMUSTINE	substance
CYSTEAMINE BITARTRATE	substance
MUROMONAB-CD3	substance
MAPROTILINE HYDROCHLORIDE	substance
IDURSULFASE	substance
TERCONAZOLE	substance
GUANADREL SULFATE	substance
RIBAVIRIN	substance
IBRITUMOMAB TIUXETAN	substance
SUCCINYLCHOLINE CHLORIDE	substance
CYCLOTHIAZIDE	substance
LINEZOLID SODIUM CHLORIDE	substance
FENOPROFEN CALCIUM	substance
LEVOMETHADYL ACETATE HYDROCHLORIDE	substance
PENTETATE CALCIUM TRISODIUM YB-169	substance
HYDROCORTISONE ACETATE	substance
PONATINIB HYDROCHLORIDE	substance
INSULIN ZINC SUSP EXTENDED RECOMBINANT HUMAN	substance
HYDROCORTAMATE HYDROCHLORIDE	substance
INSULIN SUSP ISOPHANE PURIFIED BEEF	substance
PRAMOXINE HYDROCHLORIDE	substance
SODIUM CARBONATE	substance
TROPICAMIDE	substance
ETHOXZOLAMIDE	substance
DACLIZUMAB	substance
CLOBETASOL PROPIONATE	substance
EXEMESTANE	substance
SUMATRIPTAN	substance
CALCIUM ACETATE	substance
PAROMOMYCIN SULFATE	substance
BUTALBITAL	substance
OMACETAXINE MEPESUCCINATE	substance
THIOGUANINE	substance
CINOXACIN	substance
INTERFERON BETA-1B	substance
HETACILLIN	substance
IOVERSOL	substance
METOPROLOL TARTRATE	substance
PALONOSETRON HYDROCHLORIDE	substance
ACARBOSE	substance
PAROXETINE HYDROCHLORIDE	substance
MACITENTAN	substance
ARTICAINE HYDROCHLORIDE	substance
LEVOLEUCOVORIN CALCIUM	substance
FLECAINIDE ACETATE	substance
TUBOCURARINE CHLORIDE	substance
IODOHIPPURATE SODIUM I-123	substance
TECHNETIUM TC-99M BICISATE KIT	substance
SULFAMERAZINE	substance
CORTICORELIN OVINE TRIFLUTATE	substance
DIPIVEFRIN HYDROCHLORIDE	substance
NITROFURANTOIN, MACROCRYSTALLINE	substance
ALOGLIPTIN BENZOATE	substance
DIMETHYL FUMARATE	substance
THYROTROPIN ALFA	substance
INTERFERON ALFA-N3	substance
HYALURONIDASE RECOMBINANT HUMAN	substance
PERFLUTREN	substance
SELENIUM SULFIDE	substance
MEPENZOLATE BROMIDE	substance
PSEUDOEPHEDRINE SULFATE	substance
PENTOBARBITAL	substance
INSULIN SUSP PROTAMINE ZINC PURIFIED BEEF	substance
NELFINAVIR MESYLATE	substance
MILNACIPRAN HYDROCHLORIDE	substance
ZOLEDRONIC ACID	substance
SELENOMETHIONINE SE-75	substance
INDOMETHACIN	substance
ZINC ACETATE	substance
VITAMIN K	substance
TRIMETHOBENZAMIDE HYDROCHLORIDE	substance
ZONISAMIDE	substance
TRIMIPRAMINE MALEATE	substance
TESTOSTERONE	substance
DAUNORUBICIN CITRATE	substance
FAMOTIDINE	substance
APIXABAN	substance
DABRAFENIB MESYLATE	substance
FLUOXYMESTERONE	substance
CICLESONIDE	substance
AMPRENAVIR	substance
CYANOCOBALAMIN	substance
PIPERONYL BUTOXIDE	substance
GLYBURIDE	substance
TIOPRONIN	substance
TECHNETIUM TC-99M PENTETATE KIT	substance
INSULIN SUSP ISOPHANE BEEF	substance
DANAZOL	substance
CELLULOSE SODIUM PHOSPHATE	substance
DASATINIB	substance
SEVELAMER CARBONATE	substance
SOMATREM	substance
PRAVASTATIN SODIUM	substance
PRIMAQUINE PHOSPHATE	substance
TBO-FILGRASTIM	substance
CEFOXITIN SODIUM	substance
INDIUM IN-111 OXYQUINOLINE	substance
Zidovudine	substance
125 I FIBRINOGEN	substance
IDARUBICIN HYDROCHLORIDE	substance
SODIUM TETRADECYL SULFATE	substance
LEVODOPA	substance
FORMOTEROL FUMARATE DIHYDRATE	substance
SARALASIN ACETATE	substance
CLIOQUINOL	substance
HYDROCORTISONE BUTYRATE	substance
CICLOPIROX	substance
IOTHALAMATE SODIUM	substance
DEXTROAMPHETAMINE SACCHARATE	substance
ROCURONIUM BROMIDE	substance
GADOXETATE DISODIUM	substance
RIBOFLAVIN 5'-PHOSPHATE SODIUM	substance
INSULIN GLARGINE	substance
LEVALBUTEROL HYDROCHLORIDE	substance
METIPRANOLOL HYDROCHLORIDE	substance
MILTEFOSINE	substance
TROLEANDOMYCIN	substance
PHENYLBUTAZONE	substance
DYPHYLLINE	substance
RILONACEPT	substance
ANISINDIONE	substance
INSULIN ZINC SUSP EXTENDED PURIFIED BEEF	substance
TECHNETIUM TC-99M MEBROFENIN KIT	substance
COBICISTAT	substance
GLYCINE	substance
HYDROXYPROPYL CELLULOSE	substance
PRILOCAINE HYDROCHLORIDE	substance
HYDROQUINONE	substance
HALCINONIDE	substance
CERTOLIZUMAB PEGOL	substance
TRIPELENNAMINE HYDROCHLORIDE	substance
TRICLOSAN	substance
PHENIRAMINE MALEATE	substance
IOPROMIDE	substance
AXITINIB	substance
MUPIROCIN CALCIUM	substance
AZELASTINE HYDROCHLORIDE	substance
INSULIN ZINC SUSP BEEF	substance
GLIPIZIDE	substance
TYLOXAPOL	substance
PROTRIPTYLINE HYDROCHLORIDE	substance
BOSENTAN	substance
BUSPIRONE HYDROCHLORIDE	substance
CHLORPHENTERMINE HYDROCHLORIDE	substance
TOLAZAMIDE	substance
PANTOTHENIC ACID	substance
PHENTERMINE HYDROCHLORIDE	substance
OXACILLIN SODIUM	substance
NORETHYNODREL	substance
BIPERIDEN LACTATE	substance
AZITHROMYCIN	substance
REPOSITORY CORTICOTROPIN	substance
MONOCTANOIN	substance
ALVIMOPAN	substance
TICAGRELOR	substance
ETHCHLORVYNOL	substance
CHLORPROMAZINE	substance
TRIPLE SULFA	substance
PERFLEXANE	substance
PROPOXYPHENE HYDROCHLORIDE	substance
PEGAPTANIB SODIUM	substance
LIRAGLUTIDE RECOMBINANT	substance
QUINETHAZONE	substance
PROPARACAINE HYDROCHLORIDE	substance
ISOETHARINE HYDROCHLORIDE	substance
AVOBENZONE	substance
TESAMORELIN ACETATE	substance
PYRILAMINE MALEATE	substance
METHYSERGIDE MALEATE	substance
ROPIVACAINE HYDROCHLORIDE	substance
ETHAMBUTOL HYDROCHLORIDE	substance
VITAMIN A PALMITATE	substance
PEGINTERFERON ALFA-2A	substance
FEXOFENADINE	substance
CLOCORTOLONE PIVALATE	substance
RETEPLASE	substance
AZATADINE MALEATE	substance
FORMOTEROL FUMARATE	substance
FOMEPIZOLE	substance
CHLORZOXAZONE	substance
FLUTEMETAMOL F-18	substance
MOXIFLOXACIN HYDROCHLORIDE	substance
VALPROIC ACID	substance
FOR MEN	substance
ROFECOXIB	substance
CARBACHOL	substance
HYDROFLUMETHIAZIDE	substance
CLAVULANATE POTASSIUM	substance
TOSITUMOMAB	substance
FLUCONAZOLE	substance
ALCAFTADINE	substance
OMEPRAZOLE SODIUM BICARBONATE	substance
DENILEUKIN DIFTITOX	substance
PSEUDOEPHEDRINE HYDROCHLORIDE	substance
TETRABENAZINE	substance
HYDROCORTISONE CYPIONATE	substance
MIGLITOL	substance
SAQUINAVIR MESYLATE	substance
MEDRYSONE	substance
CLARITHROMYCIN	substance
OXYBENZONE	substance
LITHIUM CITRATE	substance
SILVER SULFADIAZINE	substance
CALCITRIOL	substance
BENZTHIAZIDE	substance
METHYL SALICYLATE	substance
METHSCOPOLAMINE BROMIDE	substance
BASILIXIMAB	substance
BORTEZOMIB	substance
CEPHRADINE	substance
DIATRIZOATE SODIUM	substance
TECHNETIUM TC-99M ALBUMIN AGGREGATED KIT	substance
DIMERCAPROL	substance
ONDANSETRON HYDROCHLORIDE	substance
TETRACYCLINE HYDROCHLORIDE	substance
CLOTRIMAZOLE	substance
FLUMETHASONE PIVALATE	substance
COLLAGENASE CLOSTRIDIUM HISTOLYTICUM	substance
ETHYNODIOL DIACETATE	substance
XYLOSE	substance
IOFLUPANE I-123	substance
BENZQUINAMIDE HYDROCHLORIDE	substance
ROSE BENGAL SODIUM I-131	substance
FLUPHENAZINE HYDROCHLORIDE	substance
EFINACONAZOLE	substance
METOCLOPRAMIDE HYDROCHLORIDE	substance
AGALSIDASE BETA	substance
SULINDAC	substance
OLIVE OIL	substance
TECHNETIUM TC-99M GLUCEPTATE KIT	substance
NILOTINIB HYDROCHLORIDE MONOHYDRATE	substance
CELECOXIB	substance
ESLICARBAZEPINE ACETATE	substance
SAMARIUM SM-153 LEXIDRONAM PENTASODIUM	substance
ETODOLAC	substance
VERAPAMIL HYDROCHLORIDE	substance
PENTOSAN POLYSULFATE SODIUM	substance
MAGNESIUM TRISILICATE	substance
KETOROLAC TROMETHAMINE	substance
RIFAMPIN	substance
LEVOCARNITINE	substance
SUTILAINS	substance
AMANTADINE HYDROCHLORIDE	substance
PSEUDOEPHEDRINE HYDROCHLORIDES	substance
TEDUGLUTIDE RECOMBINANT	substance
TRIPTORELIN PAMOATE	substance
TECHNETIUM TC-99M ALBUMIN COLLOID KIT	substance
BENZPHETAMINE HYDROCHLORIDE	substance
NITRIC OXIDE	substance
TECHNETIUM TC-99M TILMANOCEPT	substance
HYDROXYUREA	substance
ERGOCALCIFEROL	substance
VALPROATE SODIUM	substance
IBUPROFEN SODIUM	substance
BENZYL ALCOHOL	substance
PHENAZOPYRIDINE HYDROCHLORIDE	substance
MIFEPRISTONE	substance
CHLORMEZANONE	substance
ALKAVERVIR	substance
BESIFLOXACIN HYDROCHLORIDE	substance
PH6	substance
LARONIDASE	substance
MEPREDNISONE	substance
PIMECROLIMUS	substance
ETHINYL ESTRADIOL	substance
PINACIDIL	substance
HALOPROGIN	substance
MONOHYDRATE/MACROCRYSTALS	substance
ATORVASTATIN CALCIUM	substance
ELVITEGRAVIR	substance
DIETHYLSTILBESTROL DIPHOSPHATE	substance
FINASTERIDE	substance
FLUDEOXYGLUCOSE F-18	substance
MEPERIDINE HYDROCHLORIDE	substance
DOXORUBICIN HYDROCHLORIDE	substance
DOCOSANOL	substance
OCTINOXATE	substance
SULFAMETER	substance
ETIDOCAINE HYDROCHLORIDE	substance
SODIUM NITRITE	substance
VISMODEGIB	substance
CYANOCOBALAMIN CO-58	substance
DACARBAZINE	substance
FENOLDOPAM MESYLATE	substance
MITOTANE	substance
ERGOTAMINE TARTRATE	substance
BENTOQUATAM	substance
CEFADROXIL/CEFADROXIL HEMIHYDRATE	substance
TEMSIROLIMUS	substance
IOFETAMINE HYDROCHLORIDE I-123	substance
LURASIDONE HYDROCHLORIDE	substance
QUETIAPINE FUMARATE	substance
DOXACURIUM CHLORIDE	substance
DIATRIZOATE MEGLUMINE	substance
FURAZOLIDONE	substance
MICONAZOLE NITRATE	substance
NALOXONE HYDROCHLORIDE	substance
MOXIFLOXACIN	substance
TRIPROLIDINE HYDROCHLORIDE	substance
SORAFENIB TOSYLATE	substance
PITAVASTATIN CALCIUM	substance
BENDAMUSTINE HYDROCHLORIDE	substance
PYRIMETHAMINE	substance
OBINUTUZUMAB	substance
TAZOBACTAM SODIUM	substance
DARUNAVIR	substance
CLOFAZIMINE	substance
MONOBENZONE	substance
FLUVASTATIN SODIUM	substance
TYROSINE	substance
CROTAMITON	substance
ALFENTANIL HYDROCHLORIDE	substance
Nevirapine	substance
BUTENAFINE HYDROCHLORIDE	substance
PROPRANOLOL HYDROCHLORIDE	substance
MECLIZINE HYDROCHLORIDE	substance
TESTOSTERONE CYPIONATE	substance
DIETHYLCARBAMAZINE CITRATE	substance
ROPINIROLE HYDROCHLORIDE	substance
OLMESARTAN MEDOXOMIL	substance
GLUCARPIDASE	substance
K IN PLASTIC CONTAINER	substance
INSULIN DETEMIR	substance
LISINOPRIL	substance
ACETYLCHOLINE CHLORIDE	substance
TESTOLACTONE	substance
CEFOTIAM HYDROCHLORIDE	substance
TESTOSTERONE UNDECANOATE	substance
OXYMETHOLONE	substance
PROPOXYPHENE NAPSYLATE	substance
ISOCARBOXAZID	substance
ETIDRONATE DISODIUM	substance
TECHNETIUM TC-99M EXAMETAZIME KIT	substance
ESCITALOPRAM OXALATE	substance
EDROPHONIUM CHLORIDE	substance
ZOLPIDEM TARTRATE	substance
ACYCLOVIR	substance
NEEDS NO REFRIGERATION	substance
SODIUM ACETATE	substance
MANGANESE CHLORIDE	substance
TITANIUM DIOXIDE	substance
BIVALIRUDIN	substance
TERIPARATIDE ACETATE	substance
FOSINOPRIL SODIUM	substance
DIPYRIDAMOLE	substance
AMPHETAMINE SULFATE	substance
MITOXANTRONE HYDROCHLORIDE	substance
NAPROXEN SODIUM	substance
GALSULFASE	substance
TAZAROTENE	substance
DIPHENOXYLATE HYDROCHLORIDE	substance
ULIPRISTAL ACETATE	substance
DEFERASIROX	substance
GANCICLOVIR	substance
PENICILLAMINE	substance
SOMATROPIN RECOMBINANT	substance
FLUTAMIDE	substance
AMINOSALICYLIC ACID	substance
CEFONICID SODIUM	substance
NITISINONE	substance
HOMATROPINE METHYLBROMIDE	substance
MICONAZOLE	substance
ELIGLUSTAT TARTRATE	substance
XENON XE-127	substance
ARCITUMOMAB	substance
VORTIOXETINE HYDROBROMIDE	substance
BOCEPREVIR	substance
DEFEROXAMINE MESYLATE	substance
VERATRUM VIRIDE ROOT	substance
ARIPIPRAZOLE	substance
LEVORPHANOL TARTRATE	substance
SUVOREXANT	substance
IRON DEXTRAN	substance
ANISOTROPINE METHYLBROMIDE	substance
LANTHANUM CARBONATE	substance
CLONIDINE HYDROCHLORIDE	substance
TECHNETIUM TC-99M MEDRONATE	substance
SULFUR	substance
TRAMADOL HYDROCHLORIDE	substance
QUINAPRIL HYDROCHLORIDE	substance
TELAPREVIR	substance
METHANTHELINE BROMIDE	substance
ALOSETRON HYDROCHLORIDE	substance
DICHLORPHENAMIDE	substance
KRYPTON, KR-81M	substance
CARPHENAZINE MALEATE	substance
FOSPROPOFOL DISODIUM	substance
TIAGABINE HYDROCHLORIDE	substance
INSULIN SUSP ISOPHANE RECOMBINANT HUMAN	substance
DIFENOXIN HYDROCHLORIDE	substance
PROCAINE MERETHOXYLLINE	substance
OXICONAZOLE NITRATE	substance
SODIUM CITRATE	substance
DIPHENIDOL HYDROCHLORIDE	substance
VORINOSTAT	substance
CUPRIC CHLORIDE	substance
DEXPANTHENOL	substance
CABAZITAXEL	substance
METHYLDOPATE HYDROCHLORIDE	substance
CANAGLIFLOZIN	substance
HYDROCORTISONE SODIUM PHOSPHATE	substance
IOPHENDYLATE	substance
CAFFEINE	substance
DESFLURANE	substance
DIFLORASONE DIACETATE	substance
CLIDINIUM BROMIDE	substance
TASIMELTEON	substance
SAQUINAVIR	substance
DICLOFENAC	substance
ZAFIRLUKAST	substance
THIORIDAZINE HYDROCHLORIDE	substance
VALDECOXIB	substance
CARFILZOMIB	substance
CALCIUM	substance
CLONIDINE	substance
DESIPRAMINE HYDROCHLORIDE	substance
SILDENAFIL CITRATE	substance
NIFEDIPINE	substance
CEFUROXIME AXETIL	substance
PEGINESATIDE ACETATE	substance
PODOFILOX	substance
GUANABENZ ACETATE	substance
DEXMEDETOMIDINE HYDROCHLORIDE	substance
FERROUS FUMARATE	substance
FERUMOXYTOL	substance
ICATIBANT ACETATE	substance
PENICILLIN V	substance
SULFADIAZINE	substance
CALCIFEDIOL	substance
PROCHLORPERAZINE MALEATE	substance
DENOSUMAB	substance
AMLODIPINE BESYLATE	substance
OCTREOTIDE ACETATE	substance
DIAZOXIDE	substance
NOVOBIOCIN SODIUM	substance
HISTAMINE PHOSPHATE	substance
HETACILLIN POTASSIUM	substance
INDINAVIR SULFATE	substance
SALMETEROL XINAFOATE	substance
TIZANIDINE HYDROCHLORIDE	substance
NORGESTIMATE	substance
TERBINAFINE HYDROCHLORIDE	substance
TRIAMCINOLONE HEXACETONIDE	substance
CALCIUM CHLORIDE	substance
AMINOLEVULINIC ACID HYDROCHLORIDE	substance
APOMORPHINE HYDROCHLORIDE	substance
ASPARAGINASE	substance
MIGLUSTAT	substance
DIMENHYDRINATE	substance
RALOXIFENE HYDROCHLORIDE	substance
ECALLANTIDE	substance
DESVENLAFAXINE FUMARATE	substance
TELITHROMYCIN	substance
TOFACITINIB CITRATE	substance
CHROMIC PHOSPHATE P-32	substance
FLORBETABEN F-18	substance
IPRATROPIUM BROMIDE	substance
AZLOCILLIN SODIUM	substance
LODOXAMIDE TROMETHAMINE	substance
TOCAINIDE HYDROCHLORIDE	substance
HYDROXYZINE PAMOATE	substance
CONJUGATED ESTROGENS/MEDROXYPROGESTERONE ACETATE	substance
MECHLORETHAMINE HYDROCHLORIDE	substance
DESVENLAFAXINE	substance
SECRETIN	substance
IDELALISIB	substance
MAZINDOL	substance
BUPIVACAINE HYDROCHLORIDE	substance
INSULIN PORK	substance
METHENAMINE HIPPURATE	substance
ERLOTINIB HYDROCHLORIDE	substance
THIAMYLAL SODIUM	substance
SODIUM SULFATE	substance
METRIZOIC ACID	substance
ECAMSULE	substance
CHLOROXINE	substance
MECASERMIN RINFABATE RECOMBINANT	substance
PORFIMER SODIUM	substance
INSULIN RECOMBINANT HUMAN	substance
CORTICOTROPIN	substance
COPACKAGED	substance
ONDANSETRON	substance
CLORAZEPATE DIPOTASSIUM	substance
VINORELBINE	substance
IMIPRAMINE HYDROCHLORIDE	substance
ARGATROBAN	substance
HALOFANTRINE HYDROCHLORIDE	substance
PREDNISOLONE ACETATE	substance
PASIREOTIDE DIASPARTATE	substance
LEVOBETAXOLOL HYDROCHLORIDE	substance
ELTROMBOPAG OLAMINE	substance
NALTREXONE HYDROCHLORIDE	substance
INSULIN SUSP ISOPHANE SEMISYNTHETIC PURIFIED HUMAN	substance
PIROXICAM	substance
SACROSIDASE	substance
ESTRADIOL HEMIHYDRATE	substance
LEVALBUTEROL TARTRATE	substance
DALFAMPRIDINE	substance
SULBACTAM SODIUM	substance
SODIUM FLUORIDE F-18	substance
FLUTICASONE PROPIONATE	substance
RIVAROXABAN	substance
THIOTHIXENE	substance
BICALUTAMIDE	substance
HYDROXYAMPHETAMINE HYDROBROMIDE	substance
ALBUTEROL	substance
SODIUM SUCCINATE	substance
ERYTHROMYCIN LACTOBIONATE	substance
PRALIDOXIME CHLORIDE	substance
PEMOLINE	substance
ANASTROZOLE	substance
SORBITOL	substance
MONTELUKAST SODIUM	substance
SODIUM IODIDE I-123	substance
ATROPINE SULFATE	substance
INSULIN GLARGINE RECOMBINANT	substance
CRIZOTINIB	substance
PEGADEMASE BOVINE	substance
DALTEPARIN SODIUM	substance
SILODOSIN	substance
SECRETIN SYNTHETIC HUMAN	substance
BUPROPION HYDROCHLORIDE	substance
MOMETASONE FUROATE MONOHYDRATE	substance
METARAMINOL BITARTRATE	substance
PERAMPANEL	substance
METHOHEXITAL SODIUM	substance
EPINEPHRINE	substance
COBALT CHLORIDE CO-57	substance
DIBUCAINE HYDROCHLORIDE	substance
BENZTROPINE MESYLATE	substance
AMPICILLIN SODIUM	substance
TRIAMCINOLONE ACETONIDE	substance
CILASTATIN SODIUM	substance
TENECTEPLASE	substance
CAFFEINE CITRATE	substance
CARBOPROST TROMETHAMINE	substance
GLUTETHIMIDE	substance
SODIUM PICOSULFATE	substance
NALOXEGOL	substance
SPARFLOXACIN	substance
POLYETHYLENE GLYCOL 3350	substance
PROPIOMAZINE HYDROCHLORIDE	substance
TOLBUTAMIDE SODIUM	substance
MUPIROCIN	substance
INAMRINONE LACTATE	substance
TROGLITAZONE	substance
GEMIFLOXACIN MESYLATE	substance
BETA CAROTENE	substance
BROMOCRIPTINE MESYLATE	substance
SODIUM ACETATE ANHYDROUS	substance
NATAMYCIN	substance
OLODATEROL HYDROCHLORIDE	substance
DESOXYRIBONUCLEASE	substance
LORCASERIN HYDROCHLORIDE	substance
ABIRATERONE ACETATE	substance
SOYBEAN OIL	substance
PARICALCITOL	substance
HALAZEPAM	substance
NITROGLYCERIN	substance
NABILONE	substance
PHENYLPROPANOLAMINE HYDROCHLORIDE	substance
HALOBETASOL PROPIONATE	substance
BITOLTEROL MESYLATE	substance
INSULIN ZINC SUSP PROMPT PURIFIED PORK	substance
UREA C-13	substance
BENDROFLUMETHIAZIDE	substance
CARGLUMIC ACID	substance
CYCRIN 14/14	substance
ZIV-AFLIBERCEPT	substance
RISPERIDONE	substance
BETAZOLE HYDROCHLORIDE	substance
FOSAPREPITANT DIMEGLUMINE	substance
SOMATROPIN	substance
VALACYCLOVIR HYDROCHLORIDE	substance
BECLOMETHASONE DIPROPIONATE	substance
SIMEPREVIR SODIUM	substance
FERROUS SULFATE	substance
OXAPROZIN POTASSIUM	substance
FLUDARABINE PHOSPHATE	substance
SODIUM OXYBATE	substance
AMPHETAMINE ADIPATE	substance
GLUTAMINE	substance
METHYLPREDNISOLONE ACETATE	substance
SECOBARBITAL SODIUM	substance
CHLOROQUINE PHOSPHATE	substance
BETAMETHASONE	substance
BRIMONIDINE TARTRATE	substance
INSULIN ZINC SUSP SEMISYNTHETIC PURIFIED HUMAN	substance
QUININE SULFATE	substance
CIDOFOVIR	substance
LOXAPINE SUCCINATE	substance
DOXERCALCIFEROL	substance
CYSTEINE HYDROCHLORIDE	substance
TRISULFAPYRIMIDINES	substance
METYRAPONE	substance
BUTOCONAZOLE NITRATE	substance
MIRABEGRON	substance
SOLIFENACIN SUCCINATE	substance
CLOFARABINE	substance
COLISTIMETHATE SODIUM	substance
SODIUM PHENYLBUTYRATE	substance
MITOMYCIN	substance
METHYLPREDNISOLONE	substance
DEXTROAMPHETAMINE SULFATE	substance
LAMIVUDINE	substance
MISOPROSTOL	substance
CHLORDIAZEPOXIDE HYDROCHLORIDE	substance
CEPHALOGLYCIN	substance
PHENYL AMINOSALICYLATE	substance
PIRBUTEROL ACETATE	substance
TINZAPARIN SODIUM	substance
CARPROFEN	substance
GALLIUM NITRATE	substance
SULFADOXINE	substance
VORAPAXAR SULFATE	substance
ACITRETIN	substance
BISMUTH SUBCITRATE POTASSIUM	substance
NORFLOXACIN	substance
ALBUMIN IODINATED I-131 SERUM	substance
DAUNORUBICIN HYDROCHLORIDE	substance
CEFEPIME HYDROCHLORIDE	substance
DOBUTAMINE HYDROCHLORIDE	substance
CHLORPROPAMIDE	substance
REGORAFENIB	substance
DIHYDROCODEINE BITARTRATE	substance
NYSTATIN	substance
TRIFLURIDINE	substance
PARGYLINE HYDROCHLORIDE	substance
APREPITANT	substance
PROCARBAZINE HYDROCHLORIDE	substance
RILPIVIRINE HYDROCHLORIDE	substance
CEFMETAZOLE SODIUM	substance
PHENELZINE SULFATE	substance
PENTETATE CALCIUM TRISODIUM	substance
LAMIVUDINE AND ZIDOVUDINE	substance
ORPHENADRINE HYDROCHLORIDE	substance
IRBESARTAN AND HYDROCHLOROTHIAZIDE	substance
FLURBIPROFEN SODIUM	substance
VIDARABINE	substance
BACAMPICILLIN HYDROCHLORIDE	substance
TRIFLUPROMAZINE	substance
STRONTIUM CHLORIDE SR-89	substance
PIMOZIDE	substance
STERILE WATER	substance
BACLOFEN	substance
TIPRANAVIR	substance
TETRACAINE	substance
THIETHYLPERAZINE MALEATE	substance
MINT	substance
CARVEDILOL PHOSPHATE	substance
DOXAPRAM HYDROCHLORIDE	substance
DECAMETHONIUM BROMIDE	substance
ENOXACIN	substance
PETROLATUM, WHITE	substance
NIZATIDINE	substance
VARENICLINE TARTRATE	substance
UNDECOYLIUM CHLORIDE IODINE COMPLEX	substance
FLUCYTOSINE	substance
FEBUXOSTAT	substance
PEGINTERFERON BETA-1A	substance
FIDAXOMICIN	substance
ANIDULAFUNGIN	substance
DRONEDARONE HYDROCHLORIDE	substance
ILOPERIDONE	substance
TENIPOSIDE	substance
MEGESTROL ACETATE	substance
OXYBUTYNIN	substance
NICLOSAMIDE	substance
MIVACURIUM CHLORIDE	substance
BACITRACIN	substance
CALCIPOTRIENE HYDRATE	substance
VITAMIN E	substance
SPIRAPRIL HYDROCHLORIDE	substance
GEFITINIB	substance
DESIRUDIN RECOMBINANT	substance
PHENMETRAZINE HYDROCHLORIDE	substance
PROPIOLACTONE	substance
AMPHOTERICIN B	substance
NETILMICIN SULFATE	substance
LUCINACTANT	substance
CEFUROXIME	substance
ACAMPROSATE CALCIUM	substance
THONZONIUM BROMIDE	substance
IOXILAN	substance
ACETOPHENAZINE MALEATE	substance
CHLORMERODRIN HG-197	substance
PROTAMINE SULFATE	substance
W/ PRANACTIN	substance
LYPRESSIN	substance
MODAFINIL	substance
POTASSIUM CHLORIDE	substance
TELAVANCIN HYDROCHLORIDE	substance
IOBENGUANE SULFATE I-131	substance
METHOXY POLYETHYLENE GLYCOL-EPOETIN BETA	substance
FEXOFENADINE HYDROCHLORIDE	substance
TICARCILLIN DISODIUM	substance
BEVACIZUMAB	substance
PYRAZINAMIDE	substance
SODIUM IODIDE I-131	substance
RIZATRIPTAN BENZOATE	substance
REMIFENTANIL HYDROCHLORIDE	substance
METHYLNALTREXONE BROMIDE	substance
INSULIN ASPART RECOMBINANT	substance
ALCLOMETASONE DIPROPIONATE	substance
MORICIZINE HYDROCHLORIDE	substance
POTASSIUM SULFATE	substance
DIENESTROL	substance
MEMANTINE	substance
XENON XE-133	substance
TESTOSTERONE ENANTHATE	substance
DOXYCYCLINE CALCIUM	substance
METHICILLIN SODIUM	substance
OXAMNIQUINE	substance
CALCIUM GLUCEPTATE	substance
OMEGA-3-CARBOXYLIC ACIDS	substance
FERRIC AMMONIUM CITRATE	substance
ARMODAFINIL	substance
LIOTHYRONINE SODIUM	substance
PROCHLORPERAZINE	substance
OXYPHENCYCLIMINE HYDROCHLORIDE	substance
7/14	substance
EFAVIRENZ	substance
IODAMIDE MEGLUMINE	substance
IPILIMUMAB	substance
ALEMTUZUMAB	substance
MEZLOCILLIN SODIUM MONOHYDRATE	substance
SODIUM PHOSPHATE, MONOBASIC, ANHYDROUS	substance
LIDOCAINE	substance
FENTANYL	substance
VEMURAFENIB	substance
ISOTRETINOIN	substance
NALTREXONE	substance
OFATUMUMAB	substance
PAROXETINE MESYLATE	substance
PENTOLINIUM TARTRATE	substance
TOLAZOLINE HYDROCHLORIDE	substance
PRILOCAINE	substance
CERITINIB	substance
ISOPROTERENOL HYDROCHLORIDE	substance
EFLORNITHINE HYDROCHLORIDE	substance
PERTUZUMAB	substance
CARBENICILLIN DISODIUM	substance
METHYLDOPA	substance
CALCITONIN SALMON	substance
PREFILLED	substance
MIDAZOLAM HYDROCHLORIDE	substance
PRAZOSIN HYDROCHLORIDE	substance
CLOXACILLIN SODIUM	substance
ERYTHROMYCIN ETHYLSUCCINATE	substance
LOPINAVIR	substance
MEFENAMIC ACID	substance
ORPHENADRINE CITRATE	substance
AMIKACIN SULFATE	substance
EXENATIDE SYNTHETIC	substance
DOLASETRON MESYLATE	substance
KETAMINE HYDROCHLORIDE	substance
IVERMECTIN	substance
SULFANILAMIDE	substance
AMINOPHYLLINE	substance
GALANTAMINE HYDROBROMIDE	substance
TARTARIC ACID	substance
GANCICLOVIR SODIUM	substance
OFLOXACIN	substance
WARFARIN SODIUM	substance
PENICILLIN G SODIUM	substance
OXALIPLATIN	substance
DIMETHYL SULFOXIDE	substance
BUMETANIDE	substance
GATIFLOXACIN	substance
POTASSIUM PERCHLORATE	substance
FLUVASTATIN	substance
CEPHALEXIN HYDROCHLORIDE	substance
CLINDAMYCIN HYDROCHLORIDE	substance
SIMVASTATIN	substance
CEFPODOXIME PROXETIL	substance
ESTROPIPATE	substance
BEDAQUILINE FUMARATE	substance
GADOFOSVESET TRISODIUM	substance
DEXLANSOPRAZOLE	substance
BENZONATATE	substance
EZOGABINE	substance
BENZYLPENICILLOYL POLYLYSINE	substance
CIPROFLOXACIN	substance
SAFFLOWER OIL	substance
AMIFOSTINE	substance
CHLORPHENESIN CARBAMATE	substance
LEPIRUDIN RECOMBINANT	substance
INTERFERON ALFACON-1	substance
PROBENECID	substance
MEQUINOL	substance
ANILERIDINE HYDROCHLORIDE	substance
PERPHENAZINE	substance
OLOPATADINE HYDROCHLORIDE	substance
PALIPERIDONE PALMITATE	substance
CARBIDOPA	substance
BUPROPION HYDROBROMIDE	substance
LULICONAZOLE	substance
PIPERAZINE CITRATE	substance
TRIPELENNAMINE CITRATE	substance
AZATHIOPRINE SODIUM	substance
QUINIDINE POLYGALACTURONATE	substance
ISOSORBIDE	substance
SULFAMETHOXAZOLE	substance
THIOTHIXENE HYDROCHLORIDE	substance
STERILE WATER FOR IRRIGATION	substance
PREGABALIN	substance
HYDROXYSTILBAMIDINE ISETHIONATE	substance
DIVALPROEX SODIUM	substance
SCOPOLAMINE	substance
TINIDAZOLE	substance
EPOETIN ALFA	substance
IMIPRAMINE PAMOATE	substance
URACIL MUSTARD	substance
BETAMETHASONE DIPROPIONATE	substance
THYROTROPIN	substance
PROCAINE HYDROCHLORIDE	substance
PENTOBARBITAL SODIUM	substance
ETHIONAMIDE	substance
SULFACYTINE	substance
BELIMUMAB	substance
AMPICILLIN	substance
OXYMETAZOLINE HYDROCHLORIDE	substance
AMIODARONE HYDROCHLORIDE	substance
LINEZOLID	substance
DIETHYLSTILBESTROL	substance
LEVOCABASTINE HYDROCHLORIDE	substance
VELAGLUCERASE ALFA	substance
TERBUTALINE SULFATE	substance
TRILOSTANE	substance
MEXILETINE HYDROCHLORIDE	substance
LOVASTATIN	substance
DAPAGLIFLOZIN	substance
FOLIC ACID	substance
VINCRISTINE SULFATE	substance
INSULIN DETEMIR RECOMBINANT	substance
TADALAFIL	substance
UREA	substance
DOXYCYCLINE HYCLATE	substance
ZANAMIVIR	substance
METHYLERGONOVINE MALEATE	substance
DESOGESTREL	substance
DINOPROSTONE	substance
DEMECLOCYCLINE HYDROCHLORIDE	substance
VORICONAZOLE	substance
DIPHENHYDRAMINE HYDROCHLORIDE	substance
ETRAVIRINE	substance
MESTRANOL	substance
TOLMETIN SODIUM	substance
DESVENLAFAXINE SUCCINATE	substance
TIMOLOL MALEATE	substance
IBRUTINIB	substance
LEUCOVORIN CALCIUM	substance
PENICILLIN V POTASSIUM	substance
THIETHYLPERAZINE MALATE	substance
CYPROHEPTADINE HYDROCHLORIDE	substance
ZINC SULFATE	substance
GONADORELIN HYDROCHLORIDE	substance
INSULIN ZINC SUSP PROMPT BEEF	substance
TECHNETIUM TC-99M FERPENTETATE KIT	substance
NEVIRAPINE	substance
METRIZOATE SODIUM	substance
DESOXYCORTICOSTERONE PIVALATE	substance
DICUMAROL	substance
AMDINOCILLIN	substance
THYROGLOBULIN	substance
CHYMOTRYPSIN	substance
CANDESARTAN CILEXETIL	substance
ACETIC ACID, GLACIAL	substance
CHLORPHENIRAMINE POLISTIREX	substance
NORELGESTROMIN	substance
ANAGRELIDE HYDROCHLORIDE	substance
BETHANIDINE SULFATE	substance
DISULFIRAM	substance
SPIRONOLACTONE	substance
ISOETHARINE MESYLATE	substance
HALOTHANE	substance
NALIDIXIC ACID	substance
VANDETANIB	substance
ENTACAPONE	substance
PYRVINIUM PAMOATE	substance
NOFETUMOMAB	substance
ENZALUTAMIDE	substance
TAMSULOSIN HYDROCHLORIDE	substance
MYCOPHENOLATE MOFETIL	substance
RIBOFLAVIN	substance
MEGLUMINE METRIZOATE	substance
HYDROXYZINE HYDROCHLORIDE	substance
ETHOSUXIMIDE	substance
UREA, C-14	substance
OXYMORPHONE HYDROCHLORIDE	substance
PROGESTERONE	substance
CEFTAZIDIME SODIUM	substance
PHENTOLAMINE MESYLATE	substance
CYCRIN	substance
TOPIRAMATE	substance
LIDOCAINE HYDROCHLORIDE	substance
GABAPENTIN	substance
RISEDRONATE SODIUM	substance
CHLORAMPHENICOL	substance
CYCLIZINE LACTATE	substance
ACYCLOVIR SODIUM	substance
CISAPRIDE MONOHYDRATE	substance
ACETYLCYSTEINE	substance
PIPECURONIUM BROMIDE	substance
MANNITOL	substance
MANGANESE SULFATE	substance
TRASTUZUMAB	substance
OXYCODONE TEREPHTHALATE	substance
NEOSTIGMINE METHYLSULFATE	substance
TREPROSTINIL	substance
ATOVAQUONE	substance
TREPROSTINIL DIOLAMINE	substance
ISOPROPAMIDE IODIDE	substance
ANILERIDINE PHOSPHATE	substance
RESERPINE	substance
CEFIXIME	substance
METHYPRYLON	substance
STREPTOMYCIN SULFATE	substance
ELOSULFASE ALFA	substance
MECAMYLAMINE HYDROCHLORIDE	substance
CHLORHEXIDINE GLUCONATE	substance
DROXIDOPA	substance
OXYTETRACYCLINE	substance
BIOTIN	substance
MEPHENYTOIN	substance
STAVUDINE	substance
MIGRAINE	substance
ADAPALENE	substance
DOXAZOSIN MESYLATE	substance
HEPARIN CALCIUM	substance
TECHNETIUM TC-99M OXIDRONATE KIT	substance
PROMETHAZINE HYDROCHLORIDE	substance
NARATRIPTAN HYDROCHLORIDE	substance
POLYESTRADIOL PHOSPHATE	substance
POTASSIUM LACTATE	substance
TOBRAMYCIN	substance
SODIUM NITROPRUSSIDE	substance
MEROPENEM	substance
CEFTIZOXIME SODIUM	substance
Oxybutynin Chloride	substance
ANAKINRA	substance
FESOTERODINE FUMARATE	substance
ESTRONE	substance
ABACAVIR SULFATE	substance
AMINOSALICYLIC ACID RESIN COMPLEX	substance
LINDANE	substance
CARMUSTINE	substance
DEXRAZOXANE HYDROCHLORIDE	substance
ITRACONAZOLE	substance
LEVOTHYROXINE SODIUM	substance
SUMATRIPTAN SUCCINATE	substance
BENZOYL PEROXIDE	substance
METRIZAMIDE	substance
TIROFIBAN HYDROCHLORIDE	substance
LINAGLIPTIN	substance
DIENOGEST	substance
BELINOSTAT	substance
RADIUM RA-223 DICHLORIDE	substance
FERRIC CARBOXYMALTOSE	substance
GEMCITABINE	substance
AMLEXANOX	substance
CIPROFLOXACIN HYDROCHLORIDE	substance
METAPROTERENOL SULFATE	substance
FOLLITROPIN ALFA/BETA	substance
PINDOLOL	substance
TERIFLUNOMIDE	substance
MOLINDONE HYDROCHLORIDE	substance
ERYTHROMYCIN	substance
RALTEGRAVIR	substance
VARDENAFIL HYDROCHLORIDE	substance
FOSAMPRENAVIR CALCIUM	substance
TECHNETIUM TC-99M ALBUMIN AGGREGATED	substance
ALATROFLOXACIN MESYLATE	substance
ZINC OXIDE	substance
DANAPAROID SODIUM	substance
PEMIROLAST POTASSIUM	substance
ISOSORBIDE MONONITRATE	substance
ESTROGENS, ESTERIFIED	substance
BROMFENAC SODIUM	substance
RUXOLITINIB PHOSPHATE	substance
TRANEXAMIC ACID	substance
TRANDOLAPRIL	substance
CEPHALOTHIN SODIUM	substance
TEMAZEPAM	substance
BECLOMETHASONE DIPROPIONATE MONOHYDRATE	substance
ZOLMITRIPTAN	substance
SULFAPHENAZOLE	substance
IVACAFTOR	substance
DIDANOSINE	substance
VASOPRESSIN	substance
DARUNAVIR ETHANOLATE	substance
ALTEPLASE	substance
BUCLIZINE HYDROCHLORIDE	substance
PHENYLEPHRINE HYDROCHLORIDE	substance
SUCRALFATE	substance
BEEF-PORK	substance
PENBUTOLOL SULFATE	substance
FLUOROMETHOLONE ACETATE	substance
EDETATE CALCIUM DISODIUM	substance
CYTARABINE	substance
ASPIRIN	substance
DEFERIPRONE	substance
CYCLOSERINE	substance
DEZOCINE	substance
PHENYLPROPANOLAMINE POLISTIREX	substance
MINOCYCLINE HYDROCHLORIDE	substance
AZACITIDINE	substance
CITALOPRAM HYDROBROMIDE	substance
MILRINONE LACTATE	substance
ARTEMETHER	substance
ALBUMIN CHROMATED CR-51 SERUM	substance
BALSALAZIDE DISODIUM	substance
CLOPIDOGREL BISULFATE	substance
COLLAGENASE	substance
TOCILIZUMAB	substance
ETOPOSIDE	substance
LEVOMEPROMAZINE	substance
AZITHROMYCIN DIHYDRATE	substance
TOLTERODINE TARTRATE	substance
METHDILAZINE HYDROCHLORIDE	substance
OMEPRAZOLE	substance
CLINDAMYCIN PHOSPHATE	substance
SIROLIMUS	substance
LEVOBUNOLOL HYDROCHLORIDE	substance
FLURAZEPAM HYDROCHLORIDE	substance
PHOSPHORIC ACID	substance
LEVOMILNACIPRAN HYDROCHLORIDE	substance
DEXTROMETHORPHAN POLISTIREX	substance
FENOFIBRATE	substance
CETIRIZINE HYDROCHLORIDE	substance
BISMUTH SUBSALICYLATE	substance
FONDAPARINUX SODIUM	substance
ALEFACEPT	substance
MIRTAZAPINE	substance
RIMEXOLONE	substance
TOLBUTAMIDE	substance
BUPRENORPHINE	substance
PEGINTERFERON ALFA-2B	substance
BETAMETHASONE SODIUM PHOSPHATE	substance
PERINDOPRIL ERBUMINE	substance
METHOTREXATE	substance
BROMPHENIRAMINE MALEATE	substance
DIGOXIN	substance
INDOMETHACIN SODIUM	substance
DARIFENACIN HYDROBROMIDE	substance
PRAZIQUANTEL	substance
SULFAPYRIDINE	substance
RITUXIMAB	substance
TOCOPHEROL ACETATE	substance
POTASSIUM PHOSPHATE, DIBASIC	substance
PHENDIMETRAZINE TARTRATE	substance
SILTUXIMAB	substance
DIHYDROERGOTAMINE MESYLATE	substance
EVANS BLUE	substance
OLANZAPINE PAMOATE	substance
GRISEOFULVIN, MICROCRYSTALLINE	substance
ROSUVASTATIN ZINC	substance
AMBRISENTAN	substance
TORSEMIDE	substance
GLUCAGON HYDROCHLORIDE RECOMBINANT	substance
IMIQUIMOD	substance
TIOCONAZOLE	substance
DEXAMETHASONE	substance
TRIDIHEXETHYL CHLORIDE	substance
CAPTOPRIL	substance
PURIFIED WATER	substance
HALOPERIDOL DECANOATE	substance
TRANYLCYPROMINE SULFATE	substance
CHLOROPROCAINE HYDROCHLORIDE	substance
ICOSAPENT ETHYL	substance
FLUNISOLIDE	substance
PIPERACETAZINE	substance
AMOXICILLIN	substance
ALUMINUM HYDROXIDE	substance
BENOXINATE HYDROCHLORIDE	substance
ADENOSINE	substance
GLUCONOLACTONE	substance
RIVASTIGMINE	substance
CABERGOLINE	substance
FUROSEMIDE	substance
TROLAMINE POLYPEPTIDE OLEATE CONDENSATE	substance
METHADONE HYDROCHLORIDE	substance
OXCARBAZEPINE	substance
LINCOMYCIN HYDROCHLORIDE	substance
DIFLUPREDNATE	substance
INSULIN PURIFIED BEEF	substance
METHOXYFLURANE	substance
HUMAN IHSA I 125	substance
TRIFLUOPERAZINE HYDROCHLORIDE	substance
TOPOTECAN HYDROCHLORIDE	substance
LAMIVUDINE, NEVIRAPINE, AND STAVUDINE	substance
COLISTIN SULFATE	substance
LACTULOSE	substance
FLUOROMETHOLONE	substance
RAXIBACUMAB	substance
ROFLUMILAST	substance
IRBESARTAN	substance
EPINEPHRINE BITARTRATE	substance
CYSTEAMINE HYDROCHLORIDE	substance
VARENICLINE	substance
EPOPROSTENOL SODIUM	substance
TERAZOSIN HYDROCHLORIDE	substance
WITHOUT VITAMIN K	substance
INSULIN ZINC SUSP RECOMBINANT HUMAN	substance
POTASSIUM ACETATE	substance
FLURANDRENOLIDE	substance
FLURBIPROFEN	substance
ENALAPRIL MALEATE	substance
GANIRELIX ACETATE	substance
GEMCITABINE HYDROCHLORIDE	substance
TECHNETIUM TC-99M PYROPHOSPHATE KIT	substance
INSULIN ASPART PROTAMINE RECOMBINANT	substance
IOTHALAMATE MEGLUMINE	substance
EMOLLIENT	substance
PENTAGASTRIN	substance
DESOXYCORTICOSTERONE ACETATE	substance
PALIPERIDONE	substance
ESTRAMUSTINE PHOSPHATE SODIUM	substance
COLESTIPOL HYDROCHLORIDE	substance
ORITAVANCIN DIPHOSPHATE	substance
THIOPENTAL SODIUM	substance
MAGNESIUM OXIDE	substance
OXYTOCIN	substance
TANNIC ACID	substance
TRYPAN BLUE	substance
MIPOMERSEN SODIUM	substance
RAMELTEON	substance
TECHNETIUM TC-99M LIDOFENIN KIT	substance
PRIMIDONE	substance
ETHOTOIN	substance
GRISEOFULVIN, MICROSIZE	substance
RIMANTADINE HYDROCHLORIDE	substance
LEVOBUPIVACAINE HYDROCHLORIDE	substance
ERYTHROMYCIN STEARATE	substance
HYDROMORPHONE HYDROCHLORIDE	substance
HEXYLCAINE HYDROCHLORIDE	substance
NAFTIFINE HYDROCHLORIDE	substance
CYCLOBENZAPRINE HYDROCHLORIDE	substance
AMINO ACIDS	substance
CRYPTENAMINE ACETATES	substance
IMCIROMAB PENTETATE	substance
IODIXANOL	substance
MANGANESE CHLORIDE TETRAHYDRATE	substance
UMECLIDINIUM BROMIDE	substance
STREPTOZOCIN	substance
DELAVIRDINE MESYLATE	substance
CLOFIBRATE	substance
PRALATREXATE	substance
DIPHENYLPYRALINE HYDROCHLORIDE	substance
GEMTUZUMAB OZOGAMICIN	substance
CEFOPERAZONE SODIUM	substance
DOFETILIDE	substance
BRENTUXIMAB VEDOTIN	substance
TRIMETHOPRIM HYDROCHLORIDE	substance
METHOXSALEN	substance
PROPOFOL	substance
TRICHLORMETHIAZIDE	substance
ALPRAZOLAM	substance
LEVOCETIRIZINE DIHYDROCHLORIDE	substance
METHACHOLINE CHLORIDE	substance
TRIMEPRAZINE TARTRATE	substance
ROMIPLOSTIM	substance
VILAZODONE HYDROCHLORIDE	substance
APROTININ	substance
MOMETASONE FUROATE	substance
LEFLUNOMIDE	substance
NETUPITANT	substance
HYDRALAZINE HYDROCHLORIDE	substance
OXAPROZIN	substance
IODOXAMATE MEGLUMINE	substance
ESMOLOL HYDROCHLORIDE	substance
PENTAMIDINE ISETHIONATE	substance
VALGANCICLOVIR HYDROCHLORIDE	substance
CETRORELIX	substance
DICLOFENAC POTASSIUM	substance
GENTAMICIN SULFATE	substance
ENFUVIRTIDE	substance
PREDNISONE	substance
ESTRADIOL VALERATE	substance
TIOTROPIUM BROMIDE	substance
ECULIZUMAB	substance
KETOCONAZOLE	substance
DROMOSTANOLONE PROPIONATE	substance
RESCINNAMINE	substance
ALBENDAZOLE	substance
DIAZEPAM	substance
SERACTIDE ACETATE	substance
IODINE POVACRYLEX	substance
PRAZEPAM	substance
SODIUM PHOSPHATE, MONOBASIC ANHYDROUS	substance
RAUWOLFIA SERPENTINA ROOT	substance
METFORMIN HYDROCHLORIDE	substance
DOCETAXEL	substance
SERTACONAZOLE NITRATE	substance
IBUPROFEN LYSINE	substance
CODEINE PHOSPHATE	substance
PEGASPARGASE	substance
ADO-TRASTUZUMAB EMTANSINE	substance
HYDROCORTISONE SODIUM SUCCINATE	substance
ACETAMINOPHEN	substance
TETRACYCLINE	substance
NICARDIPINE HYDROCHLORIDE	substance
MENOTROPINS	substance
SITAGLIPTIN	substance
OXYPHENONIUM BROMIDE	substance
THIABENDAZOLE	substance
PANCURONIUM BROMIDE	substance
IOXAGLATE MEGLUMINE	substance
IMIGLUCERASE	substance
CYCLACILLIN	substance
MIDODRINE HYDROCHLORIDE	substance
NAPROXEN	substance
CEFOTETAN DISODIUM	substance
FLUDROCORTISONE ACETATE	substance
MERSALYL SODIUM	substance
HYDROCODONE POLISTIREX	substance
ASCORBIC ACID	substance
CHLORTETRACYCLINE HYDROCHLORIDE	substance
THEOPHYLLINE SODIUM GLYCINATE	substance
SECRETIN SYNTHETIC PORCINE	substance
MEPROBAMATE	substance
SODIUM GLYCEROPHOSPHATE	substance
SULFACETAMIDE SODIUM	substance
ERGOLOID MESYLATES	substance
PROCYCLIDINE HYDROCHLORIDE	substance
OXYCODONE HYDROCHLORIDE	substance
GRANISETRON	substance
AMCINONIDE	substance
CASPOFUNGIN ACETATE	substance
ABATACEPT	substance
GALLAMINE TRIETHIODIDE	substance
NORTRIPTYLINE HYDROCHLORIDE	substance
CARTEOLOL HYDROCHLORIDE	substance
AMBENONIUM CHLORIDE	substance
PORACTANT ALFA	substance
OXYTETRACYCLINE HYDROCHLORIDE	substance
PENICILLIN G BENZATHINE	substance
MELOXICAM	substance
CHLORPROMAZINE HYDROCHLORIDE	substance
IOPAMIDOL	substance
CLONAZEPAM	substance
PROTOKYLOL HYDROCHLORIDE	substance
AZILSARTAN KAMEDOXOMIL	substance
PAMIDRONATE DISODIUM	substance
CYCLOPENTOLATE HYDROCHLORIDE	substance
STERILE WATER FOR INJECTION	substance
AMLODIPINE	substance
ACETYLDIGITOXIN	substance
IMIPENEM	substance
TECHNETIUM TC-99M APCITIDE	substance
ESZOPICLONE	substance
AMITRIPTYLINE HYDROCHLORIDE	substance
IOTHALAMATE SODIUM I-125	substance
TECHNETIUM TC-99M MERTIATIDE KIT	substance
INSULIN ZINC SUSP PURIFIED PORK	substance
IRBESARTAN: HYDROCHLOROTHIAZIDE	substance
Botulinum Toxin Type B	substance
SUFENTANIL CITRATE	substance
LEVOMEFOLATE CALCIUM	substance
VANCOMYCIN HYDROCHLORIDE	substance
GUAIFENESIN	substance
HYDROCODONE BITARTRATE	substance
METHAZOLAMIDE	substance
FERRIC CITRATE	substance
METHYLPHENIDATE	substance
CHOLINE C-11	substance
METHIXENE HYDROCHLORIDE	substance
NICOTINE	substance
PROPOXYCAINE HYDROCHLORIDE	substance
TRAVOPROST	substance
AZELAIC ACID	substance
INSULIN GLULISINE RECOMBINANT	substance
REGADENOSON	substance
DIGITOXIN	substance
INDACATEROL MALEATE	substance
SODIUM CHLORIDE	substance
BISACODYL	substance
ISOFLURANE	substance
OMEGA-3ACID ETHYL ESTERS	substance
ARFORMOTEROL TARTRATE	substance
CERULETIDE DIETHYLAMINE	substance
VITAMIN A	substance
NEUTROSPEC	substance
CONIVAPTAN HYDROCHLORIDE	substance
ERYTHROMYCIN ESTOLATE	substance
INSULIN LISPRO PROTAMINE RECOMBINANT	substance
DESMOPRESSIN ACETATE	substance
DUTASTERIDE	substance
INSULIN ZINC SUSP PURIFIED BEEF/PORK	substance
ALBIGLUTIDE	substance
BOSUTINIB MONOHYDRATE	substance
ALBUMIN HUMAN	substance
ISOFLUROPHATE	substance
ETHACRYNATE SODIUM	substance
DIPHEMANIL METHYLSULFATE	substance
CROFELEMER	substance
ATAZANAVIR SULFATE	substance
ZINC CHLORIDE	substance
METOLAZONE	substance
PREDNISOLONE	substance
DEXTROTHYROXINE SODIUM	substance
FIBRINOGEN, I-125	substance
SIMETHICONE	substance
OCRIPLASMIN	substance
GOSERELIN ACETATE	substance
ALENDRONATE SODIUM	substance
METHDILAZINE	substance
ENOXAPARIN SODIUM	substance
FULVESTRANT	substance
I 125 SERUM ALBUMIN	substance
R-H-H	substance
TROVAFLOXACIN MESYLATE	substance
INSULIN SUSP ISOPHANE PURIFIED PORK	substance
NAFCILLIN SODIUM	substance
ABARELIX	substance
FLUTICASONE FUROATE	substance
OnabotulinumtoxinA	substance
SULFASALAZINE	substance
HISTRELIN ACETATE	substance
INDOCYANINE GREEN	substance
CEPHALEXIN	substance
CLEMASTINE FUMARATE	substance
FENOFIBRIC ACID	substance
TROMETHAMINE	substance
SULFINPYRAZONE	substance
SODIUM PHOSPHATE, MONOBASIC, MONOHYDRATE	substance
NORGESTREL	substance
PHENOXYBENZAMINE HYDROCHLORIDE	substance
SOFOSBUVIR	substance
SODIUM PHOSPHATE	substance
GLATIRAMER ACETATE	substance
TECHNETIUM TC-99M TEBOROXIME KIT	substance
MELPHALAN	substance
CARISOPRODOL	substance
COPPER	substance
THALIDOMIDE	substance
PYRETHRINS	substance
CHOLINE FENOFIBRATE	substance
FELBAMATE	substance
SPINOSAD	substance
INTERFERON ALFA-2B	substance
MOEXIPRIL HYDROCHLORIDE	substance
SAXAGLIPTIN HYDROCHLORIDE	substance
FLORBETAPIR F-18	substance
GADOBENATE DIMEGLUMINE	substance
abobotulinumtoxinA	substance
INTERFERON BETA-1A	substance
ALLOPURINOL SODIUM	substance
GLIMEPIRIDE	substance
GRISEOFULVIN, ULTRAMICROSIZE	substance
NALBUPHINE HYDROCHLORIDE	substance
ETHOPROPAZINE HYDROCHLORIDE	substance
SODIUM PHENYLACETATE	substance
CIMETIDINE	substance
BIMATOPROST	substance
PEGLOTICASE	substance
METHARBITAL	substance
INDIUM IN-111 PENTETREOTIDE KIT	substance
NIACIN	substance
LISDEXAMFETAMINE DIMESYLATE	substance
TEMOZOLOMIDE	substance
AMOXAPINE	substance
PYRIDOXINE HYDROCHLORIDE	substance
METHYL AMINOLEVULINATE HYDROCHLORIDE	substance
ABACAVIR	substance
PEMETREXED DISODIUM	substance
MECASERMIN RECOMBINANT	substance
SODIUM GLUCONATE	substance
CARBINOXAMINE MALEATE	substance
CEFMENOXIME HYDROCHLORIDE	substance
PRAMLINTIDE ACETATE	substance
NEPAFENAC	substance
DEGARELIX ACETATE	substance
GLYCEROL PHENYLBUTYRATE	substance
BENAZEPRIL HYDROCHLORIDE	substance
ESTAZOLAM	substance
LUBIPROSTONE	substance
POVIDONE-IODINE	substance
ILOPROST	substance
METHOXAMINE HYDROCHLORIDE	substance
VEDOLIZUMAB	substance
VILANTEROL TRIFENATATE	substance
CEFORANIDE	substance
LEVONORDEFRIN	substance
ESTROGENS, CONJUGATED SYNTHETIC B	substance
